district,energy_source_level_1,energy_source_level_2,energy_source_level_3,technology,electrical_capacity,number_of_installations,data_source,as_of_year
Biała Podlaska,Renewable energy,Bioenergy,Biomass and biogas,,0.504,1,Urzad Regulacji Energetyki,2016
Biała Podlaska,Renewable energy,Solar,,Photovoltaics,0.3,1,Urzad Regulacji Energetyki,2016
Biała Podlaska,Renewable energy,Bioenergy,Sewage and landfill gas,,0.252,1,Urzad Regulacji Energetyki,2016
Białystok,Renewable energy,Bioenergy,Sewage and landfill gas,,1.532,1,Urzad Regulacji Energetyki,2016
Białystok,Renewable energy,Solar,,Photovoltaics,0.123,6,Urzad Regulacji Energetyki,2016
Białystok,Renewable energy,Bioenergy,Biomass and biogas,,78.503,1,Urzad Regulacji Energetyki,2016
Bielsko-Biała,Renewable energy,Bioenergy,Sewage and landfill gas,,0.536,1,Urzad Regulacji Energetyki,2016
Bielsko-Biała,Renewable energy,Bioenergy,Sewage and landfill gas,,0.75,1,Urzad Regulacji Energetyki,2016
Bielsko-Biała,Renewable energy,Solar,,Photovoltaics,0.061,4,Urzad Regulacji Energetyki,2016
Bielsko-Biała,Renewable energy,Hydro,,Hydro,0.023,1,Urzad Regulacji Energetyki,2016
Bydgoszcz,Renewable energy,Bioenergy,Sewage and landfill gas,,1.491,2,Urzad Regulacji Energetyki,2016
Bydgoszcz,Renewable energy,Bioenergy,Sewage and landfill gas,,1.15,1,Urzad Regulacji Energetyki,2016
Bydgoszcz,Renewable energy,Solar,,Photovoltaics,1.2,1,Urzad Regulacji Energetyki,2016
Bydgoszcz,Renewable energy,Hydro,,Hydro,0.145,2,Urzad Regulacji Energetyki,2016
Bydgoszcz,Renewable energy,Hydro,,Hydro,1.38,2,Urzad Regulacji Energetyki,2016
Bydgoszcz,Renewable energy,Hydro,,Hydro,4.0,1,Urzad Regulacji Energetyki,2016
Bytom,Renewable energy,Bioenergy,Sewage and landfill gas,,0.6,1,Urzad Regulacji Energetyki,2016
Bytom,Renewable energy,Solar,,Photovoltaics,0.104,1,Urzad Regulacji Energetyki,2016
Bytom,Renewable energy,Bioenergy,Sewage and landfill gas,,0.4,1,Urzad Regulacji Energetyki,2016
Chełm,Renewable energy,Bioenergy,Sewage and landfill gas,,0.38,1,Urzad Regulacji Energetyki,2016
Chorzów,Renewable energy,Bioenergy,Sewage and landfill gas,,0.99,1,Urzad Regulacji Energetyki,2016
Chorzów,Renewable energy,Solar,,Photovoltaics,0.07,4,Urzad Regulacji Energetyki,2016
Chorzów,Renewable energy,Bioenergy,Biomass and biogas,,0.0,1,Urzad Regulacji Energetyki,2016
Częstochowa,Renewable energy,Bioenergy,Sewage and landfill gas,,0.83,1,Urzad Regulacji Energetyki,2016
Częstochowa,Renewable energy,Solar,,Photovoltaics,0.499,6,Urzad Regulacji Energetyki,2016
Częstochowa,Renewable energy,Wind,,Onshore,0.8,1,Urzad Regulacji Energetyki,2016
Częstochowa,Renewable energy,Hydro,,Hydro,0.13,1,Urzad Regulacji Energetyki,2016
Częstochowa,Renewable energy,Bioenergy,Biomass and biogas,,0.0,1,Urzad Regulacji Energetyki,2016
Dąbrowa Górnicza,Renewable energy,Bioenergy,Sewage and landfill gas,,0.253,1,Urzad Regulacji Energetyki,2016
Dąbrowa Górnicza,Renewable energy,Solar,,Photovoltaics,0.04,1,Urzad Regulacji Energetyki,2016
Dąbrowa Górnicza,Renewable energy,Hydro,,Hydro,0.12,2,Urzad Regulacji Energetyki,2016
Elbląg,Renewable energy,Bioenergy,Biomass and biogas,,0.0,1,Urzad Regulacji Energetyki,2016
Elbląg,Renewable energy,Bioenergy,Biomass and biogas,,25.0,1,Urzad Regulacji Energetyki,2016
Elbląg,Renewable energy,Bioenergy,Sewage and landfill gas,,0.372,1,Urzad Regulacji Energetyki,2016
Elbląg,Renewable energy,Bioenergy,Sewage and landfill gas,,0.4,1,Urzad Regulacji Energetyki,2016
Gdańsk,Renewable energy,Solar,,Photovoltaics,1.675,2,Urzad Regulacji Energetyki,2016
Gdańsk,Renewable energy,Bioenergy,Sewage and landfill gas,,2.864,1,Urzad Regulacji Energetyki,2016
Gdańsk,Renewable energy,Bioenergy,Sewage and landfill gas,,1.908,1,Urzad Regulacji Energetyki,2016
Gdańsk,Renewable energy,Wind,,Onshore,0.15,1,Urzad Regulacji Energetyki,2016
Gdańsk,Renewable energy,Bioenergy,Biomass and biogas,,0.95,1,Urzad Regulacji Energetyki,2016
Gdynia,Renewable energy,Solar,,Photovoltaics,0.039,1,Urzad Regulacji Energetyki,2016
Gliwice,Renewable energy,Hydro,,Hydro,0.36,1,Urzad Regulacji Energetyki,2016
Gliwice,Renewable energy,Bioenergy,Sewage and landfill gas,,0.551,1,Urzad Regulacji Energetyki,2016
Gliwice,Renewable energy,Bioenergy,Sewage and landfill gas,,0.365,1,Urzad Regulacji Energetyki,2016
Gliwice,Renewable energy,Hydro,,Hydro,0.102,1,Urzad Regulacji Energetyki,2016
Gliwice,Renewable energy,Solar,,Photovoltaics,0.206,5,Urzad Regulacji Energetyki,2016
Gorzów Wielkopolski,Renewable energy,Bioenergy,Sewage and landfill gas,,0.74,1,Urzad Regulacji Energetyki,2016
Gorzów Wielkopolski,Renewable energy,Bioenergy,Sewage and landfill gas,,0.33,1,Urzad Regulacji Energetyki,2016
Grudziądz,Renewable energy,Hydro,,Hydro,0.07,2,Urzad Regulacji Energetyki,2016
Grudziądz,Renewable energy,Bioenergy,Biomass and biogas,,0.0,1,Urzad Regulacji Energetyki,2016
Grudziądz,Renewable energy,Solar,,Photovoltaics,0.096,1,Urzad Regulacji Energetyki,2016
Jastrzębie-Zdrój,Renewable energy,Bioenergy,Sewage and landfill gas,,0.38,1,Urzad Regulacji Energetyki,2016
Jastrzębie-Zdrój,Renewable energy,Bioenergy,Sewage and landfill gas,,1.65,1,Urzad Regulacji Energetyki,2016
Jastrzębie-Zdrój,Renewable energy,Bioenergy,Biomass and biogas,,0.0,1,Urzad Regulacji Energetyki,2016
Jaworzno,Renewable energy,Hydro,,Hydro,0.055,1,Urzad Regulacji Energetyki,2016
Jaworzno,Renewable energy,Bioenergy,Biomass and biogas,,50.0,1,Urzad Regulacji Energetyki,2016
Jaworzno,Renewable energy,Bioenergy,Biomass and biogas,,0.0,2,Urzad Regulacji Energetyki,2016
Jaworzno,Renewable energy,Solar,,Photovoltaics,0.11,2,Urzad Regulacji Energetyki,2016
Jelenia Góra,Renewable energy,Hydro,,Hydro,1.0,1,Urzad Regulacji Energetyki,2016
Jelenia Góra,Renewable energy,Hydro,,Hydro,0.277,2,Urzad Regulacji Energetyki,2016
Jelenia Góra,Renewable energy,Solar,,Photovoltaics,0.01,1,Urzad Regulacji Energetyki,2016
Kalisz,Renewable energy,Solar,,Photovoltaics,0.028,2,Urzad Regulacji Energetyki,2016
Kalisz,Renewable energy,Hydro,,Hydro,0.065,1,Urzad Regulacji Energetyki,2016
Katowice,Renewable energy,Bioenergy,Biomass and biogas,,0.0,1,Urzad Regulacji Energetyki,2016
Katowice,Renewable energy,Solar,,Photovoltaics,1.145,14,Urzad Regulacji Energetyki,2016
Kielce,Renewable energy,Bioenergy,Biomass and biogas,,6.71,1,Urzad Regulacji Energetyki,2016
Kielce,Renewable energy,Solar,,Photovoltaics,0.026,2,Urzad Regulacji Energetyki,2016
Konin,Renewable energy,Solar,,Photovoltaics,0.05,2,Urzad Regulacji Energetyki,2016
Konin,Renewable energy,Bioenergy,Biomass and biogas,,2.134,1,Urzad Regulacji Energetyki,2016
Konin,Renewable energy,Bioenergy,Sewage and landfill gas,,0.876,1,Urzad Regulacji Energetyki,2016
Konin,Renewable energy,Bioenergy,Biomass and biogas,,55.0,1,Urzad Regulacji Energetyki,2016
Koszalin,Renewable energy,Wind,,Onshore,0.004,1,Urzad Regulacji Energetyki,2016
Koszalin,Renewable energy,Hydro,,Hydro,0.078,2,Urzad Regulacji Energetyki,2016
Kraków,Renewable energy,Bioenergy,Biomass and biogas,,0.0,1,Urzad Regulacji Energetyki,2016
Kraków,Renewable energy,Bioenergy,Sewage and landfill gas,,1.341,1,Urzad Regulacji Energetyki,2016
Kraków,Renewable energy,Solar,,Photovoltaics,0.065,2,Urzad Regulacji Energetyki,2016
Kraków,Renewable energy,Hydro,,Hydro,7.2,2,Urzad Regulacji Energetyki,2016
Kraków,Renewable energy,Bioenergy,Sewage and landfill gas,,2.157,2,Urzad Regulacji Energetyki,2016
Krosno,Renewable energy,Bioenergy,Sewage and landfill gas,,0.384,1,Urzad Regulacji Energetyki,2016
Krosno,Renewable energy,Bioenergy,Biomass and biogas,,1.4,1,Urzad Regulacji Energetyki,2016
Krosno,Renewable energy,Bioenergy,Sewage and landfill gas,,0.374,1,Urzad Regulacji Energetyki,2016
Legnica,Renewable energy,Bioenergy,Sewage and landfill gas,,1.15,1,Urzad Regulacji Energetyki,2016
Legnica,Renewable energy,Bioenergy,Sewage and landfill gas,,0.382,1,Urzad Regulacji Energetyki,2016
Legnica,Renewable energy,Solar,,Photovoltaics,0.2,2,Urzad Regulacji Energetyki,2016
Leszno,Renewable energy,Solar,,Photovoltaics,0.007,1,Urzad Regulacji Energetyki,2016
Lublin,Renewable energy,Bioenergy,Sewage and landfill gas,,1.702,1,Urzad Regulacji Energetyki,2016
Lublin,Renewable energy,Solar,,Photovoltaics,0.066,3,Urzad Regulacji Energetyki,2016
Nowy Sącz,Renewable energy,Bioenergy,Sewage and landfill gas,,0.345,1,Urzad Regulacji Energetyki,2016
Nowy Sącz,Renewable energy,Bioenergy,Sewage and landfill gas,,0.365,1,Urzad Regulacji Energetyki,2016
Olsztyn,Renewable energy,Bioenergy,Sewage and landfill gas,,0.702,1,Urzad Regulacji Energetyki,2016
Olsztyn,Renewable energy,Hydro,,Hydro,0.154,1,Urzad Regulacji Energetyki,2016
Olsztyn,Renewable energy,Hydro,,Hydro,1.076,1,Urzad Regulacji Energetyki,2016
Olsztyn,Renewable energy,Solar,,Photovoltaics,1.03,7,Urzad Regulacji Energetyki,2016
Opole,Renewable energy,Bioenergy,Sewage and landfill gas,,0.562,1,Urzad Regulacji Energetyki,2016
Opole,Renewable energy,Bioenergy,Sewage and landfill gas,,0.45,1,Urzad Regulacji Energetyki,2016
Opole,Renewable energy,Hydro,,Hydro,0.98,1,Urzad Regulacji Energetyki,2016
Ostrołęka,Renewable energy,Bioenergy,Biomass and biogas,,100.5,2,Urzad Regulacji Energetyki,2016
Ostrołęka,Renewable energy,Bioenergy,Biomass and biogas,,0.0,2,Urzad Regulacji Energetyki,2016
Ostrołęka,Renewable energy,Bioenergy,Sewage and landfill gas,,0.514,1,Urzad Regulacji Energetyki,2016
Poznań,Renewable energy,Bioenergy,Sewage and landfill gas,,2.121,2,Urzad Regulacji Energetyki,2016
Poznań,Renewable energy,Bioenergy,Biomass and biogas,,63.0,1,Urzad Regulacji Energetyki,2016
Poznań,Renewable energy,Solar,,Photovoltaics,0.007,1,Urzad Regulacji Energetyki,2016
Poznań,Renewable energy,Bioenergy,Biomass and biogas,,0.0,1,Urzad Regulacji Energetyki,2016
Przemyśl,Renewable energy,Bioenergy,Sewage and landfill gas,,0.34,1,Urzad Regulacji Energetyki,2016
Radom,Renewable energy,Wind,,Onshore,0.256,2,Urzad Regulacji Energetyki,2016
Radom,Renewable energy,Solar,,Photovoltaics,0.041,3,Urzad Regulacji Energetyki,2016
Radom,Renewable energy,Bioenergy,Sewage and landfill gas,,0.677,1,Urzad Regulacji Energetyki,2016
Ruda Śląska,Renewable energy,Bioenergy,Biomass and biogas,,0.21,1,Urzad Regulacji Energetyki,2016
Ruda Śląska,Renewable energy,Solar,,Photovoltaics,0.311,1,Urzad Regulacji Energetyki,2016
Rybnik,Renewable energy,Bioenergy,Sewage and landfill gas,,0.19,1,Urzad Regulacji Energetyki,2016
Rybnik,Renewable energy,Bioenergy,Biomass and biogas,,0.0,2,Urzad Regulacji Energetyki,2016
Rybnik,Renewable energy,Solar,,Photovoltaics,0.127,4,Urzad Regulacji Energetyki,2016
Rzeszów,Renewable energy,Solar,,Photovoltaics,0.04,1,Urzad Regulacji Energetyki,2016
Rzeszów,Renewable energy,Hydro,,Hydro,0.66,1,Urzad Regulacji Energetyki,2016
Rzeszów,Renewable energy,Bioenergy,Sewage and landfill gas,,1.01,1,Urzad Regulacji Energetyki,2016
Siedlce,Renewable energy,Bioenergy,Sewage and landfill gas,,0.38,1,Urzad Regulacji Energetyki,2016
Siemianowice Śląskie,Renewable energy,Solar,,Photovoltaics,0.307,4,Urzad Regulacji Energetyki,2016
Siemianowice Śląskie,Renewable energy,Bioenergy,Sewage and landfill gas,,3.42,1,Urzad Regulacji Energetyki,2016
Skierniewice,Renewable energy,Solar,,Photovoltaics,0.009,1,Urzad Regulacji Energetyki,2016
Skierniewice,Renewable energy,Wind,,Onshore,0.099,1,Urzad Regulacji Energetyki,2016
Sosnowiec,Renewable energy,Bioenergy,Sewage and landfill gas,,0.74,1,Urzad Regulacji Energetyki,2016
Sosnowiec,Renewable energy,Solar,,Photovoltaics,0.021,2,Urzad Regulacji Energetyki,2016
Sosnowiec,Renewable energy,Bioenergy,Sewage and landfill gas,,0.802,1,Urzad Regulacji Energetyki,2016
Suwałki,Renewable energy,Bioenergy,Sewage and landfill gas,,0.36,1,Urzad Regulacji Energetyki,2016
Szczecin,Renewable energy,Hydro,,Hydro,0.207,2,Urzad Regulacji Energetyki,2016
Szczecin,Renewable energy,Bioenergy,Sewage and landfill gas,,0.4,1,Urzad Regulacji Energetyki,2016
Szczecin,Renewable energy,Bioenergy,Sewage and landfill gas,,0.938,2,Urzad Regulacji Energetyki,2016
Szczecin,Renewable energy,Bioenergy,Biomass and biogas,,68.5,1,Urzad Regulacji Energetyki,2016
Słupsk,Renewable energy,Bioenergy,Sewage and landfill gas,,0.942,1,Urzad Regulacji Energetyki,2016
Słupsk,Renewable energy,Solar,,Photovoltaics,0.195,1,Urzad Regulacji Energetyki,2016
Słupsk,Renewable energy,Hydro,,Hydro,0.13,1,Urzad Regulacji Energetyki,2016
Słupsk,Renewable energy,Wind,,Onshore,2.0,1,Urzad Regulacji Energetyki,2016
Tarnów,Renewable energy,Solar,,Photovoltaics,0.005,1,Urzad Regulacji Energetyki,2016
Tarnów,Renewable energy,Bioenergy,Sewage and landfill gas,,0.352,1,Urzad Regulacji Energetyki,2016
Toruń,Renewable energy,Solar,,Photovoltaics,0.009,1,Urzad Regulacji Energetyki,2016
Toruń,Renewable energy,Bioenergy,Sewage and landfill gas,,1.24,1,Urzad Regulacji Energetyki,2016
Toruń,Renewable energy,Bioenergy,Sewage and landfill gas,,0.925,1,Urzad Regulacji Energetyki,2016
Tychy,Renewable energy,Bioenergy,Biomass and biogas,,40.0,1,Urzad Regulacji Energetyki,2016
Tychy,Renewable energy,Solar,,Photovoltaics,0.039,1,Urzad Regulacji Energetyki,2016
Tychy,Renewable energy,Bioenergy,Sewage and landfill gas,,1.09,1,Urzad Regulacji Energetyki,2016
Tychy,Renewable energy,Bioenergy,Sewage and landfill gas,,1.02,1,Urzad Regulacji Energetyki,2016
Warszawa,Renewable energy,Bioenergy,Biomass and biogas,,170.0,1,Urzad Regulacji Energetyki,2016
Warszawa,Renewable energy,Bioenergy,Biomass and biogas,,0.0,1,Urzad Regulacji Energetyki,2016
Warszawa,Renewable energy,Solar,,Photovoltaics,0.976,6,Urzad Regulacji Energetyki,2016
Warszawa,Renewable energy,Bioenergy,Sewage and landfill gas,,6.654,2,Urzad Regulacji Energetyki,2016
Wrocław,Renewable energy,Hydro,,Hydro,1.385,2,Urzad Regulacji Energetyki,2016
Wrocław,Renewable energy,Hydro,,Hydro,0.074,1,Urzad Regulacji Energetyki,2016
Wrocław,Renewable energy,Bioenergy,Sewage and landfill gas,,1.803,1,Urzad Regulacji Energetyki,2016
Wrocław,Renewable energy,Bioenergy,Biomass and biogas,,0.0,1,Urzad Regulacji Energetyki,2016
Wrocław,Renewable energy,Hydro,,Hydro,4.98,1,Urzad Regulacji Energetyki,2016
Włocławek,Renewable energy,Hydro,,Hydro,0.075,1,Urzad Regulacji Energetyki,2016
Włocławek,Renewable energy,Bioenergy,Sewage and landfill gas,,1.2,1,Urzad Regulacji Energetyki,2016
Włocławek,Renewable energy,Hydro,,Hydro,162.0,1,Urzad Regulacji Energetyki,2016
Zabrze,Renewable energy,Bioenergy,Sewage and landfill gas,,0.482,1,Urzad Regulacji Energetyki,2016
Zabrze,Renewable energy,Bioenergy,Sewage and landfill gas,,0.38,1,Urzad Regulacji Energetyki,2016
Zabrze,Renewable energy,Solar,,Photovoltaics,0.196,3,Urzad Regulacji Energetyki,2016
Zabrze,Renewable energy,Bioenergy,Biomass and biogas,,0.0,1,Urzad Regulacji Energetyki,2016
Zamość,Renewable energy,Bioenergy,Sewage and landfill gas,,0.19,1,Urzad Regulacji Energetyki,2016
Zielona Góra,Renewable energy,Solar,,Photovoltaics,0.145,7,Urzad Regulacji Energetyki,2016
Zielona Góra,Renewable energy,Bioenergy,Biomass and biogas,,1.8,1,Urzad Regulacji Energetyki,2016
aleksandrowski,Renewable energy,Solar,,Photovoltaics,0.14,2,Urzad Regulacji Energetyki,2016
aleksandrowski,Renewable energy,Wind,,Onshore,42.625,26,Urzad Regulacji Energetyki,2016
augustowski,Renewable energy,Solar,,Photovoltaics,0.268,1,Urzad Regulacji Energetyki,2016
augustowski,Renewable energy,Hydro,,Hydro,0.342,3,Urzad Regulacji Energetyki,2016
bartoszycki,Renewable energy,Hydro,,Hydro,0.11,1,Urzad Regulacji Energetyki,2016
bełchatowski,Renewable energy,Bioenergy,Sewage and landfill gas,,2.772,1,Urzad Regulacji Energetyki,2016
bełchatowski,Renewable energy,Solar,,Photovoltaics,0.874,5,Urzad Regulacji Energetyki,2016
bełchatowski,Renewable energy,Wind,,Onshore,28.06,8,Urzad Regulacji Energetyki,2016
bełchatowski,Renewable energy,Hydro,,Hydro,0.055,1,Urzad Regulacji Energetyki,2016
bialski,Renewable energy,Bioenergy,Biomass and biogas,,3.198,2,Urzad Regulacji Energetyki,2016
bialski,Renewable energy,Solar,,Photovoltaics,6.797,7,Urzad Regulacji Energetyki,2016
białogardzki,Renewable energy,Wind,,Onshore,95.018,4,Urzad Regulacji Energetyki,2016
białogardzki,Renewable energy,Hydro,,Hydro,0.598,1,Urzad Regulacji Energetyki,2016
białogardzki,Renewable energy,Hydro,,Hydro,0.16,1,Urzad Regulacji Energetyki,2016
białostocki,Renewable energy,Hydro,,Hydro,0.066,2,Urzad Regulacji Energetyki,2016
białostocki,Renewable energy,Wind,,Onshore,0.6,1,Urzad Regulacji Energetyki,2016
białostocki,Renewable energy,Solar,,Photovoltaics,4.207,7,Urzad Regulacji Energetyki,2016
białostocki,Renewable energy,Bioenergy,Biomass and biogas,,2.949,3,Urzad Regulacji Energetyki,2016
białostocki,Renewable energy,Bioenergy,Sewage and landfill gas,,0.7,1,Urzad Regulacji Energetyki,2016
bielski,Renewable energy,Bioenergy,Sewage and landfill gas,,0.1,1,Urzad Regulacji Energetyki,2016
bielski,Renewable energy,Bioenergy,Biomass and biogas,,5.408,1,Urzad Regulacji Energetyki,2016
bielski,Renewable energy,Bioenergy,Biomass and biogas,,0.999,1,Urzad Regulacji Energetyki,2016
bielski,Renewable energy,Bioenergy,Sewage and landfill gas,,0.18,1,Urzad Regulacji Energetyki,2016
bielski,Renewable energy,Wind,,Onshore,43.5,2,Urzad Regulacji Energetyki,2016
bielski,Renewable energy,Hydro,,Hydro,0.16,1,Urzad Regulacji Energetyki,2016
bielski,Renewable energy,Solar,,Photovoltaics,2.299,11,Urzad Regulacji Energetyki,2016
bieruńsko-lędziński,Renewable energy,Solar,,Photovoltaics,0.118,3,Urzad Regulacji Energetyki,2016
bieszczadzki,Renewable energy,Bioenergy,Biomass and biogas,,1.4,1,Urzad Regulacji Energetyki,2016
biłgorajski,Renewable energy,Solar,,Photovoltaics,1.067,5,Urzad Regulacji Energetyki,2016
biłgorajski,Renewable energy,Wind,,Onshore,0.15,1,Urzad Regulacji Energetyki,2016
biłgorajski,Renewable energy,Hydro,,Hydro,0.052,2,Urzad Regulacji Energetyki,2016
biłgorajski,Renewable energy,Bioenergy,Biomass and biogas,,2.6,1,Urzad Regulacji Energetyki,2016
bocheński,Renewable energy,Wind,,Onshore,0.068,1,Urzad Regulacji Energetyki,2016
bocheński,Renewable energy,Solar,,Photovoltaics,1.386,2,Urzad Regulacji Energetyki,2016
bocheński,Renewable energy,Bioenergy,Biomass and biogas,,0.15,1,Urzad Regulacji Energetyki,2016
bolesławiecki,Renewable energy,Bioenergy,Sewage and landfill gas,,0.18,1,Urzad Regulacji Energetyki,2016
bolesławiecki,Renewable energy,Hydro,,Hydro,0.7,3,Urzad Regulacji Energetyki,2016
bolesławiecki,Renewable energy,Hydro,,Hydro,2.885,5,Urzad Regulacji Energetyki,2016
bolesławiecki,Renewable energy,Hydro,,Hydro,1.95,1,Urzad Regulacji Energetyki,2016
braniewski,Renewable energy,Hydro,,Hydro,3.3,1,Urzad Regulacji Energetyki,2016
braniewski,Renewable energy,Hydro,,Hydro,1.3,2,Urzad Regulacji Energetyki,2016
braniewski,Renewable energy,Hydro,,Hydro,0.047,2,Urzad Regulacji Energetyki,2016
braniewski,Renewable energy,Wind,,Onshore,26.0,2,Urzad Regulacji Energetyki,2016
brodnicki,Renewable energy,Hydro,,Hydro,0.172,5,Urzad Regulacji Energetyki,2016
brodnicki,Renewable energy,Wind,,Onshore,30.785,20,Urzad Regulacji Energetyki,2016
brzeski,Renewable energy,Solar,,Photovoltaics,1.12,2,Urzad Regulacji Energetyki,2016
brzeski,Renewable energy,Hydro,,Hydro,4.542,3,Urzad Regulacji Energetyki,2016
brzeski,Renewable energy,Hydro,,Hydro,9.0,1,Urzad Regulacji Energetyki,2016
brzeski,Renewable energy,Hydro,,Hydro,0.75,2,Urzad Regulacji Energetyki,2016
brzeski,Renewable energy,Solar,,Photovoltaics,0.01,1,Urzad Regulacji Energetyki,2016
brzeski,Renewable energy,Bioenergy,Sewage and landfill gas,,0.3,1,Urzad Regulacji Energetyki,2016
brzeski,Renewable energy,Hydro,,Hydro,0.4,1,Urzad Regulacji Energetyki,2016
brzeziński,Renewable energy,Wind,,Onshore,2.7,4,Urzad Regulacji Energetyki,2016
brzozowski,Renewable energy,Solar,,Photovoltaics,0.04,1,Urzad Regulacji Energetyki,2016
brzozowski,Renewable energy,Hydro,,Hydro,0.01,1,Urzad Regulacji Energetyki,2016
buski,Renewable energy,Solar,,Photovoltaics,0.025,1,Urzad Regulacji Energetyki,2016
buski,Renewable energy,Wind,,Onshore,0.075,1,Urzad Regulacji Energetyki,2016
bydgoski,Renewable energy,Hydro,,Hydro,26.0,1,Urzad Regulacji Energetyki,2016
bydgoski,Renewable energy,Hydro,,Hydro,3.3,1,Urzad Regulacji Energetyki,2016
bydgoski,Renewable energy,Hydro,,Hydro,0.172,3,Urzad Regulacji Energetyki,2016
bydgoski,Renewable energy,Wind,,Onshore,5.49,6,Urzad Regulacji Energetyki,2016
bydgoski,Renewable energy,Solar,,Photovoltaics,0.024,1,Urzad Regulacji Energetyki,2016
bytowski,Renewable energy,Hydro,,Hydro,0.288,6,Urzad Regulacji Energetyki,2016
bytowski,Renewable energy,Hydro,,Hydro,4.248,1,Urzad Regulacji Energetyki,2016
bytowski,Renewable energy,Hydro,,Hydro,0.535,2,Urzad Regulacji Energetyki,2016
bytowski,Renewable energy,Wind,,Onshore,1.9,1,Urzad Regulacji Energetyki,2016
bytowski,Renewable energy,Bioenergy,Biomass and biogas,,2.0,1,Urzad Regulacji Energetyki,2016
będziński,Renewable energy,Hydro,,Hydro,0.022,1,Urzad Regulacji Energetyki,2016
będziński,Renewable energy,Solar,,Photovoltaics,0.128,4,Urzad Regulacji Energetyki,2016
chełmiński,Renewable energy,Wind,,Onshore,32.91,21,Urzad Regulacji Energetyki,2016
chełmski,Renewable energy,Wind,,Onshore,1.5,1,Urzad Regulacji Energetyki,2016
chodzieski,Renewable energy,Wind,,Onshore,122.1,3,Urzad Regulacji Energetyki,2016
chojnicki,Renewable energy,Hydro,,Hydro,0.86,1,Urzad Regulacji Energetyki,2016
chojnicki,Renewable energy,Bioenergy,Biomass and biogas,,0.946,1,Urzad Regulacji Energetyki,2016
chojnicki,Renewable energy,Wind,,Onshore,6.0,1,Urzad Regulacji Energetyki,2016
chojnicki,Renewable energy,Hydro,,Hydro,0.221,6,Urzad Regulacji Energetyki,2016
choszczeński,Renewable energy,Wind,,Onshore,33.5,4,Urzad Regulacji Energetyki,2016
choszczeński,Renewable energy,Hydro,,Hydro,0.03,1,Urzad Regulacji Energetyki,2016
chrzanowski,Renewable energy,Bioenergy,Sewage and landfill gas,,0.4,1,Urzad Regulacji Energetyki,2016
chrzanowski,Renewable energy,Solar,,Photovoltaics,0.02,2,Urzad Regulacji Energetyki,2016
chrzanowski,Renewable energy,Hydro,,Hydro,1.68,2,Urzad Regulacji Energetyki,2016
chrzanowski,Renewable energy,Bioenergy,Sewage and landfill gas,,0.16,1,Urzad Regulacji Energetyki,2016
ciechanowski,Renewable energy,Bioenergy,Sewage and landfill gas,,0.5,1,Urzad Regulacji Energetyki,2016
ciechanowski,Renewable energy,Bioenergy,Sewage and landfill gas,,0.2,1,Urzad Regulacji Energetyki,2016
ciechanowski,Renewable energy,Wind,,Onshore,14.8,8,Urzad Regulacji Energetyki,2016
ciechanowski,Renewable energy,Bioenergy,Biomass and biogas,,1.56,1,Urzad Regulacji Energetyki,2016
cieszyński,Renewable energy,Solar,,Photovoltaics,0.505,11,Urzad Regulacji Energetyki,2016
cieszyński,Renewable energy,Hydro,,Hydro,0.53,1,Urzad Regulacji Energetyki,2016
czarnkowsko-trzcianecki,Renewable energy,Wind,,Onshore,8.325,5,Urzad Regulacji Energetyki,2016
czarnkowsko-trzcianecki,Renewable energy,Hydro,,Hydro,0.36,1,Urzad Regulacji Energetyki,2016
czarnkowsko-trzcianecki,Renewable energy,Hydro,,Hydro,0.37,3,Urzad Regulacji Energetyki,2016
częstochowski,Renewable energy,Bioenergy,Sewage and landfill gas,,0.648,1,Urzad Regulacji Energetyki,2016
częstochowski,Renewable energy,Solar,,Photovoltaics,0.035,1,Urzad Regulacji Energetyki,2016
częstochowski,Renewable energy,Hydro,,Hydro,0.973,10,Urzad Regulacji Energetyki,2016
częstochowski,Renewable energy,Wind,,Onshore,6.9,10,Urzad Regulacji Energetyki,2016
człuchowski,Renewable energy,Bioenergy,Biomass and biogas,,4.813,4,Urzad Regulacji Energetyki,2016
człuchowski,Renewable energy,Hydro,,Hydro,0.031,2,Urzad Regulacji Energetyki,2016
drawski,Renewable energy,Bioenergy,Biomass and biogas,,3.061,3,Urzad Regulacji Energetyki,2016
drawski,Renewable energy,Hydro,,Hydro,0.14,1,Urzad Regulacji Energetyki,2016
drawski,Renewable energy,Hydro,,Hydro,0.91,1,Urzad Regulacji Energetyki,2016
drawski,Renewable energy,Wind,,Onshore,10.123,1,Urzad Regulacji Energetyki,2016
drawski,Renewable energy,Solar,,Photovoltaics,0.025,1,Urzad Regulacji Energetyki,2016
działdowski,Renewable energy,Hydro,,Hydro,0.19,3,Urzad Regulacji Energetyki,2016
działdowski,Renewable energy,Wind,,Onshore,48.5,4,Urzad Regulacji Energetyki,2016
dzierżoniowski,Renewable energy,Bioenergy,Biomass and biogas,,1.1,1,Urzad Regulacji Energetyki,2016
dzierżoniowski,Renewable energy,Bioenergy,Sewage and landfill gas,,0.2,2,Urzad Regulacji Energetyki,2016
dzierżoniowski,Renewable energy,Bioenergy,Sewage and landfill gas,,0.75,1,Urzad Regulacji Energetyki,2016
dąbrowski,Renewable energy,Solar,,Photovoltaics,0.04,1,Urzad Regulacji Energetyki,2016
dąbrowski,Renewable energy,Bioenergy,Biomass and biogas,,1.0,1,Urzad Regulacji Energetyki,2016
dębicki,Renewable energy,Solar,,Photovoltaics,0.074,2,Urzad Regulacji Energetyki,2016
dębicki,Renewable energy,Bioenergy,Sewage and landfill gas,,0.192,1,Urzad Regulacji Energetyki,2016
dębicki,Renewable energy,Hydro,,Hydro,0.825,1,Urzad Regulacji Energetyki,2016
elbląski,Renewable energy,Hydro,,Hydro,0.124,3,Urzad Regulacji Energetyki,2016
elbląski,Renewable energy,Wind,,Onshore,3.85,2,Urzad Regulacji Energetyki,2016
ełcki,Renewable energy,Bioenergy,Biomass and biogas,,0.824,1,Urzad Regulacji Energetyki,2016
ełcki,Renewable energy,Hydro,,Hydro,0.092,2,Urzad Regulacji Energetyki,2016
ełcki,Renewable energy,Bioenergy,Sewage and landfill gas,,0.503,1,Urzad Regulacji Energetyki,2016
ełcki,Renewable energy,Solar,,Photovoltaics,0.05,1,Urzad Regulacji Energetyki,2016
ełcki,Renewable energy,Wind,,Onshore,0.6,1,Urzad Regulacji Energetyki,2016
garwoliński,Renewable energy,Solar,,Photovoltaics,0.02,1,Urzad Regulacji Energetyki,2016
garwoliński,Renewable energy,Wind,,Onshore,2.0,1,Urzad Regulacji Energetyki,2016
gdański,Renewable energy,Hydro,,Hydro,0.715,6,Urzad Regulacji Energetyki,2016
gdański,Renewable energy,Hydro,,Hydro,4.8,1,Urzad Regulacji Energetyki,2016
gdański,Renewable energy,Hydro,,Hydro,8.675,4,Urzad Regulacji Energetyki,2016
gdański,Renewable energy,Solar,,Photovoltaics,0.117,3,Urzad Regulacji Energetyki,2016
gdański,Renewable energy,Wind,,Onshore,24.9,2,Urzad Regulacji Energetyki,2016
gdański,Renewable energy,Hydro,,Hydro,1.0,1,Urzad Regulacji Energetyki,2016
giżycki,Renewable energy,Bioenergy,Biomass and biogas,,1.495,2,Urzad Regulacji Energetyki,2016
giżycki,Renewable energy,Wind,,Onshore,4.5,1,Urzad Regulacji Energetyki,2016
giżycki,Renewable energy,Hydro,,Hydro,0.096,2,Urzad Regulacji Energetyki,2016
giżycki,Renewable energy,Solar,,Photovoltaics,0.04,1,Urzad Regulacji Energetyki,2016
gliwicki,Renewable energy,Bioenergy,Biomass and biogas,,0.0,1,Urzad Regulacji Energetyki,2016
gliwicki,Renewable energy,Wind,,Onshore,1.5,1,Urzad Regulacji Energetyki,2016
gliwicki,Renewable energy,Bioenergy,Sewage and landfill gas,,1.16,2,Urzad Regulacji Energetyki,2016
gliwicki,Renewable energy,Bioenergy,Biomass and biogas,,1.456,2,Urzad Regulacji Energetyki,2016
gliwicki,Renewable energy,Hydro,,Hydro,0.1,1,Urzad Regulacji Energetyki,2016
gnieźnieński,Renewable energy,Bioenergy,Biomass and biogas,,0.999,1,Urzad Regulacji Energetyki,2016
gnieźnieński,Renewable energy,Wind,,Onshore,17.6,12,Urzad Regulacji Energetyki,2016
gnieźnieński,Renewable energy,Hydro,,Hydro,0.015,1,Urzad Regulacji Energetyki,2016
gnieźnieński,Renewable energy,Solar,,Photovoltaics,0.03,1,Urzad Regulacji Energetyki,2016
goleniowski,Renewable energy,Wind,,Onshore,0.825,2,Urzad Regulacji Energetyki,2016
goleniowski,Renewable energy,Hydro,,Hydro,0.018,1,Urzad Regulacji Energetyki,2016
golubsko-dobrzyński,Renewable energy,Bioenergy,Biomass and biogas,,3.2,1,Urzad Regulacji Energetyki,2016
golubsko-dobrzyński,Renewable energy,Hydro,,Hydro,0.223,4,Urzad Regulacji Energetyki,2016
golubsko-dobrzyński,Renewable energy,Wind,,Onshore,13.865,13,Urzad Regulacji Energetyki,2016
gorlicki,Renewable energy,Hydro,,Hydro,0.014,1,Urzad Regulacji Energetyki,2016
gorlicki,Renewable energy,Solar,,Photovoltaics,0.023,1,Urzad Regulacji Energetyki,2016
gorlicki,Renewable energy,Hydro,,Hydro,1.25,1,Urzad Regulacji Energetyki,2016
gorzowski,Renewable energy,Solar,,Photovoltaics,1.0,1,Urzad Regulacji Energetyki,2016
gorzowski,Renewable energy,Wind,,Onshore,14.1,2,Urzad Regulacji Energetyki,2016
gostyniński,Renewable energy,Wind,,Onshore,16.1,7,Urzad Regulacji Energetyki,2016
gostyński,Renewable energy,Wind,,Onshore,75.5,3,Urzad Regulacji Energetyki,2016
gostyński,Renewable energy,Solar,,Photovoltaics,0.04,1,Urzad Regulacji Energetyki,2016
gołdapski,Renewable energy,Hydro,,Hydro,0.865,6,Urzad Regulacji Energetyki,2016
gołdapski,Renewable energy,Hydro,,Hydro,0.349,1,Urzad Regulacji Energetyki,2016
gołdapski,Renewable energy,Solar,,Photovoltaics,0.611,1,Urzad Regulacji Energetyki,2016
gołdapski,Renewable energy,Wind,,Onshore,53.5,7,Urzad Regulacji Energetyki,2016
grajewski,Renewable energy,Bioenergy,Biomass and biogas,,0.628,1,Urzad Regulacji Energetyki,2016
grajewski,Renewable energy,Wind,,Onshore,25.3,1,Urzad Regulacji Energetyki,2016
grajewski,Renewable energy,Solar,,Photovoltaics,0.344,3,Urzad Regulacji Energetyki,2016
grodziski,Renewable energy,Wind,,Onshore,5.61,3,Urzad Regulacji Energetyki,2016
grodziski,Renewable energy,Bioenergy,Sewage and landfill gas,,0.249,1,Urzad Regulacji Energetyki,2016
grodziski,Renewable energy,Wind,,Onshore,1.26,2,Urzad Regulacji Energetyki,2016
grodziski,Renewable energy,Solar,,Photovoltaics,0.013,1,Urzad Regulacji Energetyki,2016
grudziądzki,Renewable energy,Bioenergy,Sewage and landfill gas,,0.914,2,Urzad Regulacji Energetyki,2016
grudziądzki,Renewable energy,Hydro,,Hydro,0.6,1,Urzad Regulacji Energetyki,2016
grudziądzki,Renewable energy,Hydro,,Hydro,0.232,3,Urzad Regulacji Energetyki,2016
grudziądzki,Renewable energy,Wind,,Onshore,145.3,13,Urzad Regulacji Energetyki,2016
grudziądzki,Renewable energy,Bioenergy,Biomass and biogas,,1.6,1,Urzad Regulacji Energetyki,2016
grudziądzki,Renewable energy,Solar,,Photovoltaics,1.5,1,Urzad Regulacji Energetyki,2016
gryficki,Renewable energy,Hydro,,Hydro,1.26,2,Urzad Regulacji Energetyki,2016
gryficki,Renewable energy,Hydro,,Hydro,0.466,5,Urzad Regulacji Energetyki,2016
gryficki,Renewable energy,Wind,,Onshore,52.975,7,Urzad Regulacji Energetyki,2016
gryficki,Renewable energy,Solar,,Photovoltaics,0.02,1,Urzad Regulacji Energetyki,2016
gryficki,Renewable energy,Bioenergy,Biomass and biogas,,0.999,1,Urzad Regulacji Energetyki,2016
gryficki,Renewable energy,Hydro,,Hydro,5.3,2,Urzad Regulacji Energetyki,2016
gryfiński,Renewable energy,Hydro,,Hydro,0.17,4,Urzad Regulacji Energetyki,2016
gryfiński,Renewable energy,Wind,,Onshore,56.0,2,Urzad Regulacji Energetyki,2016
gryfiński,Renewable energy,Solar,,Photovoltaics,2.097,3,Urzad Regulacji Energetyki,2016
gryfiński,Renewable energy,Bioenergy,Biomass and biogas,,0.0,1,Urzad Regulacji Energetyki,2016
gryfiński,Renewable energy,Bioenergy,Biomass and biogas,,0.33,1,Urzad Regulacji Energetyki,2016
grójecki,Renewable energy,Wind,,Onshore,0.03,1,Urzad Regulacji Energetyki,2016
górowski,Renewable energy,Bioenergy,Sewage and landfill gas,,0.294,1,Urzad Regulacji Energetyki,2016
górowski,Renewable energy,Wind,,Onshore,5.0,1,Urzad Regulacji Energetyki,2016
górowski,Renewable energy,Bioenergy,Biomass and biogas,,0.6,1,Urzad Regulacji Energetyki,2016
głogowski,Renewable energy,Bioenergy,Sewage and landfill gas,,0.445,1,Urzad Regulacji Energetyki,2016
głogowski,Renewable energy,Solar,,Photovoltaics,0.1,1,Urzad Regulacji Energetyki,2016
głogowski,Renewable energy,Bioenergy,Sewage and landfill gas,,0.41,1,Urzad Regulacji Energetyki,2016
głubczycki,Renewable energy,Hydro,,Hydro,0.137,3,Urzad Regulacji Energetyki,2016
głubczycki,Renewable energy,Wind,,Onshore,35.0,2,Urzad Regulacji Energetyki,2016
hajnowski,Renewable energy,Hydro,,Hydro,0.166,1,Urzad Regulacji Energetyki,2016
hajnowski,Renewable energy,Wind,,Onshore,0.6,1,Urzad Regulacji Energetyki,2016
hajnowski,Renewable energy,Bioenergy,Biomass and biogas,,0.999,1,Urzad Regulacji Energetyki,2016
hrubieszowski,Renewable energy,Solar,,Photovoltaics,0.027,2,Urzad Regulacji Energetyki,2016
hrubieszowski,Renewable energy,Bioenergy,Biomass and biogas,,0.0,1,Urzad Regulacji Energetyki,2016
inowrocławski,Renewable energy,Bioenergy,Biomass and biogas,,2.626,2,Urzad Regulacji Energetyki,2016
inowrocławski,Renewable energy,Bioenergy,Biomass and biogas,,4.2,1,Urzad Regulacji Energetyki,2016
inowrocławski,Renewable energy,Bioenergy,Sewage and landfill gas,,0.32,1,Urzad Regulacji Energetyki,2016
inowrocławski,Renewable energy,Solar,,Photovoltaics,0.074,2,Urzad Regulacji Energetyki,2016
inowrocławski,Renewable energy,Wind,,Onshore,47.24,35,Urzad Regulacji Energetyki,2016
iławski,Renewable energy,Bioenergy,Biomass and biogas,,0.999,1,Urzad Regulacji Energetyki,2016
iławski,Renewable energy,Solar,,Photovoltaics,0.109,2,Urzad Regulacji Energetyki,2016
iławski,Renewable energy,Bioenergy,Biomass and biogas,,3.4,1,Urzad Regulacji Energetyki,2016
iławski,Renewable energy,Bioenergy,Sewage and landfill gas,,0.696,1,Urzad Regulacji Energetyki,2016
iławski,Renewable energy,Hydro,,Hydro,0.076,1,Urzad Regulacji Energetyki,2016
iławski,Renewable energy,Hydro,,Hydro,0.48,1,Urzad Regulacji Energetyki,2016
iławski,Renewable energy,Wind,,Onshore,125.3,12,Urzad Regulacji Energetyki,2016
jarociński,Renewable energy,Solar,,Photovoltaics,0.035,1,Urzad Regulacji Energetyki,2016
jarociński,Renewable energy,Wind,,Onshore,12.3,7,Urzad Regulacji Energetyki,2016
jarosławski,Renewable energy,Bioenergy,Sewage and landfill gas,,0.129,1,Urzad Regulacji Energetyki,2016
jarosławski,Renewable energy,Solar,,Photovoltaics,0.06,1,Urzad Regulacji Energetyki,2016
jarosławski,Renewable energy,Wind,,Onshore,0.3,1,Urzad Regulacji Energetyki,2016
jarosławski,Renewable energy,Hydro,,Hydro,0.19,2,Urzad Regulacji Energetyki,2016
jasielski,Renewable energy,Bioenergy,Sewage and landfill gas,,0.428,2,Urzad Regulacji Energetyki,2016
jasielski,Renewable energy,Solar,,Photovoltaics,0.01,1,Urzad Regulacji Energetyki,2016
jasielski,Renewable energy,Hydro,,Hydro,0.045,1,Urzad Regulacji Energetyki,2016
jasielski,Renewable energy,Wind,,Onshore,0.9,2,Urzad Regulacji Energetyki,2016
jaworski,Renewable energy,Wind,,Onshore,2.16,2,Urzad Regulacji Energetyki,2016
jaworski,Renewable energy,Hydro,,Hydro,0.132,1,Urzad Regulacji Energetyki,2016
jeleniogórski,Renewable energy,Hydro,,Hydro,2.293,6,Urzad Regulacji Energetyki,2016
jeleniogórski,Renewable energy,Hydro,,Hydro,8.758,2,Urzad Regulacji Energetyki,2016
jeleniogórski,Renewable energy,Hydro,,Hydro,2.18,13,Urzad Regulacji Energetyki,2016
jędrzejowski,Renewable energy,Solar,,Photovoltaics,0.026,1,Urzad Regulacji Energetyki,2016
jędrzejowski,Renewable energy,Wind,,Onshore,0.66,1,Urzad Regulacji Energetyki,2016
jędrzejowski,Renewable energy,Hydro,,Hydro,0.02,1,Urzad Regulacji Energetyki,2016
kaliski,Renewable energy,Solar,,Photovoltaics,0.009,1,Urzad Regulacji Energetyki,2016
kaliski,Renewable energy,Bioenergy,Sewage and landfill gas,,0.25,1,Urzad Regulacji Energetyki,2016
kaliski,Renewable energy,Bioenergy,Biomass and biogas,,1.6,1,Urzad Regulacji Energetyki,2016
kaliski,Renewable energy,Wind,,Onshore,8.46,9,Urzad Regulacji Energetyki,2016
kaliski,Renewable energy,Hydro,,Hydro,0.075,1,Urzad Regulacji Energetyki,2016
kamiennogórski,Renewable energy,Hydro,,Hydro,0.29,2,Urzad Regulacji Energetyki,2016
kamieński,Renewable energy,Wind,,Onshore,90.6,3,Urzad Regulacji Energetyki,2016
kartuski,Renewable energy,Wind,,Onshore,0.675,2,Urzad Regulacji Energetyki,2016
kartuski,Renewable energy,Hydro,,Hydro,0.56,1,Urzad Regulacji Energetyki,2016
kartuski,Renewable energy,Hydro,,Hydro,0.304,5,Urzad Regulacji Energetyki,2016
kazimierski,Renewable energy,Hydro,,Hydro,0.144,5,Urzad Regulacji Energetyki,2016
kazimierski,Renewable energy,Wind,,Onshore,0.33,1,Urzad Regulacji Energetyki,2016
kielecki,Renewable energy,Bioenergy,Sewage and landfill gas,,0.802,1,Urzad Regulacji Energetyki,2016
kielecki,Renewable energy,Bioenergy,Sewage and landfill gas,,0.36,1,Urzad Regulacji Energetyki,2016
kielecki,Renewable energy,Bioenergy,Biomass and biogas,,0.045,1,Urzad Regulacji Energetyki,2016
kielecki,Renewable energy,Solar,,Photovoltaics,0.318,8,Urzad Regulacji Energetyki,2016
kielecki,Renewable energy,Wind,,Onshore,1.07,3,Urzad Regulacji Energetyki,2016
kielecki,Renewable energy,Bioenergy,Biomass and biogas,,0.8,1,Urzad Regulacji Energetyki,2016
kielecki,Renewable energy,Hydro,,Hydro,0.252,7,Urzad Regulacji Energetyki,2016
kluczborski,Renewable energy,Solar,,Photovoltaics,0.02,1,Urzad Regulacji Energetyki,2016
kluczborski,Renewable energy,Wind,,Onshore,4.0,2,Urzad Regulacji Energetyki,2016
kolbuszowski,Renewable energy,Wind,,Onshore,0.29,2,Urzad Regulacji Energetyki,2016
kolbuszowski,Renewable energy,Solar,,Photovoltaics,0.036,1,Urzad Regulacji Energetyki,2016
kolbuszowski,Renewable energy,Bioenergy,Biomass and biogas,,0.58,1,Urzad Regulacji Energetyki,2016
kolbuszowski,Renewable energy,Hydro,,Hydro,0.052,1,Urzad Regulacji Energetyki,2016
kolneński,Renewable energy,Solar,,Photovoltaics,1.84,1,Urzad Regulacji Energetyki,2016
kolski,Renewable energy,Wind,,Onshore,42.45,34,Urzad Regulacji Energetyki,2016
konecki,Renewable energy,Hydro,,Hydro,0.39,4,Urzad Regulacji Energetyki,2016
konecki,Renewable energy,Wind,,Onshore,4.2,3,Urzad Regulacji Energetyki,2016
koniński,Renewable energy,Wind,,Onshore,71.195,37,Urzad Regulacji Energetyki,2016
koniński,Renewable energy,Hydro,,Hydro,0.097,2,Urzad Regulacji Energetyki,2016
koniński,Renewable energy,Bioenergy,Sewage and landfill gas,,1.6,1,Urzad Regulacji Energetyki,2016
koszaliński,Renewable energy,Hydro,,Hydro,0.262,4,Urzad Regulacji Energetyki,2016
koszaliński,Renewable energy,Hydro,,Hydro,1.05,1,Urzad Regulacji Energetyki,2016
koszaliński,Renewable energy,Solar,,Photovoltaics,0.277,3,Urzad Regulacji Energetyki,2016
koszaliński,Renewable energy,Bioenergy,Sewage and landfill gas,,0.445,1,Urzad Regulacji Energetyki,2016
koszaliński,Renewable energy,Wind,,Onshore,50.075,2,Urzad Regulacji Energetyki,2016
koszaliński,Renewable energy,Bioenergy,Biomass and biogas,,1.25,2,Urzad Regulacji Energetyki,2016
kozienicki,Renewable energy,Bioenergy,Biomass and biogas,,0.0,1,Urzad Regulacji Energetyki,2016
kozienicki,Renewable energy,Solar,,Photovoltaics,0.1,1,Urzad Regulacji Energetyki,2016
kołobrzeski,Renewable energy,Wind,,Onshore,236.082,9,Urzad Regulacji Energetyki,2016
kołobrzeski,Renewable energy,Solar,,Photovoltaics,0.993,1,Urzad Regulacji Energetyki,2016
kołobrzeski,Renewable energy,Bioenergy,Sewage and landfill gas,,1.063,1,Urzad Regulacji Energetyki,2016
kołobrzeski,Renewable energy,Bioenergy,Biomass and biogas,,1.052,1,Urzad Regulacji Energetyki,2016
kościański,Renewable energy,Wind,,Onshore,11.0,3,Urzad Regulacji Energetyki,2016
kościerski,Renewable energy,Solar,,Photovoltaics,0.039,1,Urzad Regulacji Energetyki,2016
kościerski,Renewable energy,Hydro,,Hydro,0.229,7,Urzad Regulacji Energetyki,2016
krakowski,Renewable energy,Bioenergy,Biomass and biogas,,0.0,1,Urzad Regulacji Energetyki,2016
krakowski,Renewable energy,Hydro,,Hydro,4.63,2,Urzad Regulacji Energetyki,2016
krakowski,Renewable energy,Hydro,,Hydro,0.76,1,Urzad Regulacji Energetyki,2016
krakowski,Renewable energy,Hydro,,Hydro,0.135,3,Urzad Regulacji Energetyki,2016
krakowski,Renewable energy,Solar,,Photovoltaics,0.02,1,Urzad Regulacji Energetyki,2016
krakowski,Renewable energy,Bioenergy,Sewage and landfill gas,,0.124,1,Urzad Regulacji Energetyki,2016
krapkowicki,Renewable energy,Solar,,Photovoltaics,0.041,1,Urzad Regulacji Energetyki,2016
krapkowicki,Renewable energy,Hydro,,Hydro,0.5,1,Urzad Regulacji Energetyki,2016
krapkowicki,Renewable energy,Hydro,,Hydro,3.92,3,Urzad Regulacji Energetyki,2016
krapkowicki,Renewable energy,Hydro,,Hydro,0.177,3,Urzad Regulacji Energetyki,2016
krasnostawski,Renewable energy,Hydro,,Hydro,0.287,4,Urzad Regulacji Energetyki,2016
krasnostawski,Renewable energy,Wind,,Onshore,3.3,1,Urzad Regulacji Energetyki,2016
krasnostawski,Renewable energy,Solar,,Photovoltaics,3.11,3,Urzad Regulacji Energetyki,2016
kraśnicki,Renewable energy,Bioenergy,Sewage and landfill gas,,0.634,1,Urzad Regulacji Energetyki,2016
kraśnicki,Renewable energy,Solar,,Photovoltaics,1.03,2,Urzad Regulacji Energetyki,2016
krotoszyński,Renewable energy,Bioenergy,Biomass and biogas,,1.2,1,Urzad Regulacji Energetyki,2016
krotoszyński,Renewable energy,Wind,,Onshore,9.25,5,Urzad Regulacji Energetyki,2016
krośnieński,Renewable energy,Solar,,Photovoltaics,0.203,7,Urzad Regulacji Energetyki,2016
krośnieński,Renewable energy,Hydro,,Hydro,0.122,3,Urzad Regulacji Energetyki,2016
krośnieński,Renewable energy,Hydro,,Hydro,4.14,2,Urzad Regulacji Energetyki,2016
krośnieński,Renewable energy,Bioenergy,Sewage and landfill gas,,0.45,1,Urzad Regulacji Energetyki,2016
krośnieński,Renewable energy,Bioenergy,Biomass and biogas,,0.4,1,Urzad Regulacji Energetyki,2016
krośnieński,Renewable energy,Solar,,Photovoltaics,1.754,2,Urzad Regulacji Energetyki,2016
krośnieński,Renewable energy,Wind,,Onshore,0.3,1,Urzad Regulacji Energetyki,2016
krośnieński,Renewable energy,Hydro,,Hydro,91.33,1,Urzad Regulacji Energetyki,2016
krośnieński,Renewable energy,Wind,,Onshore,42.35,6,Urzad Regulacji Energetyki,2016
krośnieński,Renewable energy,Hydro,,Hydro,0.089,4,Urzad Regulacji Energetyki,2016
kutnowski,Renewable energy,Bioenergy,Sewage and landfill gas,,0.816,2,Urzad Regulacji Energetyki,2016
kutnowski,Renewable energy,Bioenergy,Biomass and biogas,,0.999,1,Urzad Regulacji Energetyki,2016
kutnowski,Renewable energy,Wind,,Onshore,94.0,21,Urzad Regulacji Energetyki,2016
kwidzyński,Renewable energy,Wind,,Onshore,12.0,1,Urzad Regulacji Energetyki,2016
kwidzyński,Renewable energy,Solar,,Photovoltaics,0.049,3,Urzad Regulacji Energetyki,2016
kwidzyński,Renewable energy,Hydro,,Hydro,0.249,4,Urzad Regulacji Energetyki,2016
kwidzyński,Renewable energy,Bioenergy,Biomass and biogas,,0.0,1,Urzad Regulacji Energetyki,2016
kędzierzyńsko-kozielski,Renewable energy,Bioenergy,Sewage and landfill gas,,0.132,1,Urzad Regulacji Energetyki,2016
kędzierzyńsko-kozielski,Renewable energy,Solar,,Photovoltaics,0.025,3,Urzad Regulacji Energetyki,2016
kędzierzyńsko-kozielski,Renewable energy,Wind,,Onshore,0.45,1,Urzad Regulacji Energetyki,2016
kędzierzyńsko-kozielski,Renewable energy,Hydro,,Hydro,0.15,2,Urzad Regulacji Energetyki,2016
kędzierzyńsko-kozielski,Renewable energy,Hydro,,Hydro,1.0,1,Urzad Regulacji Energetyki,2016
kętrzyński,Renewable energy,Hydro,,Hydro,0.964,8,Urzad Regulacji Energetyki,2016
kętrzyński,Renewable energy,Wind,,Onshore,70.0,1,Urzad Regulacji Energetyki,2016
kętrzyński,Renewable energy,Solar,,Photovoltaics,0.04,1,Urzad Regulacji Energetyki,2016
kętrzyński,Renewable energy,Bioenergy,Biomass and biogas,,1.399,2,Urzad Regulacji Energetyki,2016
kłobucki,Renewable energy,Hydro,,Hydro,0.285,4,Urzad Regulacji Energetyki,2016
kłobucki,Renewable energy,Wind,,Onshore,8.05,6,Urzad Regulacji Energetyki,2016
kłobucki,Renewable energy,Solar,,Photovoltaics,0.126,3,Urzad Regulacji Energetyki,2016
kłodzki,Renewable energy,Hydro,,Hydro,1.434,15,Urzad Regulacji Energetyki,2016
kłodzki,Renewable energy,Hydro,,Hydro,0.465,1,Urzad Regulacji Energetyki,2016
legionowski,Renewable energy,Solar,,Photovoltaics,0.087,3,Urzad Regulacji Energetyki,2016
legionowski,Renewable energy,Hydro,,Hydro,20.0,1,Urzad Regulacji Energetyki,2016
legnicki,Renewable energy,Solar,,Photovoltaics,0.971,3,Urzad Regulacji Energetyki,2016
legnicki,Renewable energy,Bioenergy,Biomass and biogas,,0.999,1,Urzad Regulacji Energetyki,2016
legnicki,Renewable energy,Wind,,Onshore,45.1,1,Urzad Regulacji Energetyki,2016
legnicki,Renewable energy,Hydro,,Hydro,0.227,3,Urzad Regulacji Energetyki,2016
leski,Renewable energy,Hydro,,Hydro,0.2,1,Urzad Regulacji Energetyki,2016
leski,Renewable energy,Hydro,,Hydro,8.3,1,Urzad Regulacji Energetyki,2016
leski,Renewable energy,Hydro,,Hydro,198.6,1,Urzad Regulacji Energetyki,2016
leski,Renewable energy,Solar,,Photovoltaics,0.02,1,Urzad Regulacji Energetyki,2016
leszczyński,Renewable energy,Wind,,Onshore,10.745,4,Urzad Regulacji Energetyki,2016
leszczyński,Renewable energy,Bioenergy,Sewage and landfill gas,,0.966,1,Urzad Regulacji Energetyki,2016
leszczyński,Renewable energy,Solar,,Photovoltaics,0.14,2,Urzad Regulacji Energetyki,2016
leżajski,Renewable energy,Bioenergy,Biomass and biogas,,0.999,1,Urzad Regulacji Energetyki,2016
leżajski,Renewable energy,Hydro,,Hydro,0.03,1,Urzad Regulacji Energetyki,2016
lidzbarski,Renewable energy,Hydro,,Hydro,2.3,3,Urzad Regulacji Energetyki,2016
lidzbarski,Renewable energy,Solar,,Photovoltaics,0.04,1,Urzad Regulacji Energetyki,2016
lidzbarski,Renewable energy,Wind,,Onshore,1.575,2,Urzad Regulacji Energetyki,2016
lidzbarski,Renewable energy,Hydro,,Hydro,0.831,9,Urzad Regulacji Energetyki,2016
limanowski,Renewable energy,Bioenergy,Sewage and landfill gas,,0.999,1,Urzad Regulacji Energetyki,2016
limanowski,Renewable energy,Solar,,Photovoltaics,1.195,2,Urzad Regulacji Energetyki,2016
limanowski,Renewable energy,Hydro,,Hydro,0.075,1,Urzad Regulacji Energetyki,2016
lipnowski,Renewable energy,Wind,,Onshore,48.64,20,Urzad Regulacji Energetyki,2016
lipnowski,Renewable energy,Hydro,,Hydro,0.05,1,Urzad Regulacji Energetyki,2016
lipnowski,Renewable energy,Hydro,,Hydro,0.66,1,Urzad Regulacji Energetyki,2016
lipski,Renewable energy,Wind,,Onshore,0.5,2,Urzad Regulacji Energetyki,2016
lubaczowski,Renewable energy,Bioenergy,Biomass and biogas,,0.999,1,Urzad Regulacji Energetyki,2016
lubaczowski,Renewable energy,Solar,,Photovoltaics,2.009,2,Urzad Regulacji Energetyki,2016
lubartowski,Renewable energy,Solar,,Photovoltaics,1.758,2,Urzad Regulacji Energetyki,2016
lubartowski,Renewable energy,Wind,,Onshore,51.2,1,Urzad Regulacji Energetyki,2016
lubartowski,Renewable energy,Bioenergy,Sewage and landfill gas,,0.5,1,Urzad Regulacji Energetyki,2016
lubartowski,Renewable energy,Bioenergy,Biomass and biogas,,0.999,1,Urzad Regulacji Energetyki,2016
lubański,Renewable energy,Solar,,Photovoltaics,0.01,1,Urzad Regulacji Energetyki,2016
lubański,Renewable energy,Hydro,,Hydro,0.05,1,Urzad Regulacji Energetyki,2016
lubański,Renewable energy,Hydro,,Hydro,7.03,2,Urzad Regulacji Energetyki,2016
lubelski,Renewable energy,Wind,,Onshore,1.5,2,Urzad Regulacji Energetyki,2016
lubiński,Renewable energy,Bioenergy,Biomass and biogas,,0.0,1,Urzad Regulacji Energetyki,2016
lubiński,Renewable energy,Solar,,Photovoltaics,0.006,1,Urzad Regulacji Energetyki,2016
lubiński,Renewable energy,Bioenergy,Sewage and landfill gas,,3.18,2,Urzad Regulacji Energetyki,2016
lubliniecki,Renewable energy,Wind,,Onshore,10.825,9,Urzad Regulacji Energetyki,2016
lubliniecki,Renewable energy,Solar,,Photovoltaics,0.022,2,Urzad Regulacji Energetyki,2016
lwówecki,Renewable energy,Solar,,Photovoltaics,0.04,1,Urzad Regulacji Energetyki,2016
lwówecki,Renewable energy,Hydro,,Hydro,13.364,1,Urzad Regulacji Energetyki,2016
lwówecki,Renewable energy,Hydro,,Hydro,3.008,2,Urzad Regulacji Energetyki,2016
lwówecki,Renewable energy,Hydro,,Hydro,1.105,6,Urzad Regulacji Energetyki,2016
lwówecki,Renewable energy,Hydro,,Hydro,1.174,2,Urzad Regulacji Energetyki,2016
lęborski,Renewable energy,Hydro,,Hydro,0.124,4,Urzad Regulacji Energetyki,2016
lęborski,Renewable energy,Wind,,Onshore,168.01,5,Urzad Regulacji Energetyki,2016
lęborski,Renewable energy,Bioenergy,Biomass and biogas,,1.2,1,Urzad Regulacji Energetyki,2016
lęborski,Renewable energy,Bioenergy,Sewage and landfill gas,,0.18,1,Urzad Regulacji Energetyki,2016
lęborski,Renewable energy,Bioenergy,Biomass and biogas,,1.4,1,Urzad Regulacji Energetyki,2016
makowski,Renewable energy,Hydro,,Hydro,0.1,1,Urzad Regulacji Energetyki,2016
makowski,Renewable energy,Wind,,Onshore,12.0,2,Urzad Regulacji Energetyki,2016
malborski,Renewable energy,Hydro,,Hydro,1.38,2,Urzad Regulacji Energetyki,2016
malborski,Renewable energy,Bioenergy,Biomass and biogas,,0.8,1,Urzad Regulacji Energetyki,2016
malborski,Renewable energy,Wind,,Onshore,75.15,2,Urzad Regulacji Energetyki,2016
miechowski,Renewable energy,Hydro,,Hydro,0.03,1,Urzad Regulacji Energetyki,2016
miechowski,Renewable energy,Solar,,Photovoltaics,1.004,2,Urzad Regulacji Energetyki,2016
miechowski,Renewable energy,Wind,,Onshore,4.2,3,Urzad Regulacji Energetyki,2016
mielecki,Renewable energy,Bioenergy,Sewage and landfill gas,,0.562,2,Urzad Regulacji Energetyki,2016
mielecki,Renewable energy,Solar,,Photovoltaics,0.035,1,Urzad Regulacji Energetyki,2016
mielecki,Renewable energy,Wind,,Onshore,4.05,6,Urzad Regulacji Energetyki,2016
mikołowski,Renewable energy,Bioenergy,Biomass and biogas,,0.0,1,Urzad Regulacji Energetyki,2016
milicki,Renewable energy,Hydro,,Hydro,0.09,1,Urzad Regulacji Energetyki,2016
międzychodzki,Renewable energy,Solar,,Photovoltaics,0.9,1,Urzad Regulacji Energetyki,2016
międzychodzki,Renewable energy,Wind,,Onshore,2.0,1,Urzad Regulacji Energetyki,2016
międzychodzki,Renewable energy,Bioenergy,Sewage and landfill gas,,0.4,1,Urzad Regulacji Energetyki,2016
międzychodzki,Renewable energy,Bioenergy,Biomass and biogas,,1.862,1,Urzad Regulacji Energetyki,2016
międzyrzecki,Renewable energy,Hydro,,Hydro,0.128,4,Urzad Regulacji Energetyki,2016
międzyrzecki,Renewable energy,Hydro,,Hydro,0.932,1,Urzad Regulacji Energetyki,2016
miński,Renewable energy,Bioenergy,Biomass and biogas,,2.0,1,Urzad Regulacji Energetyki,2016
miński,Renewable energy,Wind,,Onshore,2.35,3,Urzad Regulacji Energetyki,2016
miński,Renewable energy,Bioenergy,Sewage and landfill gas,,0.16,1,Urzad Regulacji Energetyki,2016
miński,Renewable energy,Solar,,Photovoltaics,0.24,2,Urzad Regulacji Energetyki,2016
mogileński,Renewable energy,Wind,,Onshore,14.3,9,Urzad Regulacji Energetyki,2016
mrągowski,Renewable energy,Solar,,Photovoltaics,0.5,1,Urzad Regulacji Energetyki,2016
mrągowski,Renewable energy,Hydro,,Hydro,0.044,1,Urzad Regulacji Energetyki,2016
myszkowski,Renewable energy,Solar,,Photovoltaics,0.107,3,Urzad Regulacji Energetyki,2016
myślenicki,Renewable energy,Hydro,,Hydro,2.5,1,Urzad Regulacji Energetyki,2016
myślenicki,Renewable energy,Hydro,,Hydro,0.25,1,Urzad Regulacji Energetyki,2016
myślenicki,Renewable energy,Solar,,Photovoltaics,0.593,6,Urzad Regulacji Energetyki,2016
myśliborski,Renewable energy,Hydro,,Hydro,0.755,6,Urzad Regulacji Energetyki,2016
myśliborski,Renewable energy,Wind,,Onshore,55.0,2,Urzad Regulacji Energetyki,2016
mławski,Renewable energy,Bioenergy,Sewage and landfill gas,,3.29,2,Urzad Regulacji Energetyki,2016
mławski,Renewable energy,Wind,,Onshore,29.2,8,Urzad Regulacji Energetyki,2016
nakielski,Renewable energy,Hydro,,Hydro,0.452,3,Urzad Regulacji Energetyki,2016
nakielski,Renewable energy,Wind,,Onshore,11.35,6,Urzad Regulacji Energetyki,2016
namysłowski,Renewable energy,Solar,,Photovoltaics,0.04,1,Urzad Regulacji Energetyki,2016
namysłowski,Renewable energy,Wind,,Onshore,61.0,3,Urzad Regulacji Energetyki,2016
namysłowski,Renewable energy,Hydro,,Hydro,0.042,1,Urzad Regulacji Energetyki,2016
namysłowski,Renewable energy,Bioenergy,Biomass and biogas,,2.0,1,Urzad Regulacji Energetyki,2016
nidzicki,Renewable energy,Wind,,Onshore,11.75,3,Urzad Regulacji Energetyki,2016
nidzicki,Renewable energy,Solar,,Photovoltaics,0.08,2,Urzad Regulacji Energetyki,2016
nowodworski,Renewable energy,Wind,,Onshore,42.0,3,Urzad Regulacji Energetyki,2016
nowodworski,Renewable energy,Bioenergy,Sewage and landfill gas,,0.075,1,Urzad Regulacji Energetyki,2016
nowodworski,Renewable energy,Wind,,Onshore,10.0,1,Urzad Regulacji Energetyki,2016
nowomiejski,Renewable energy,Hydro,,Hydro,0.557,7,Urzad Regulacji Energetyki,2016
nowomiejski,Renewable energy,Wind,,Onshore,1.6,2,Urzad Regulacji Energetyki,2016
nowomiejski,Renewable energy,Solar,,Photovoltaics,1.08,2,Urzad Regulacji Energetyki,2016
nowomiejski,Renewable energy,Bioenergy,Biomass and biogas,,2.0,1,Urzad Regulacji Energetyki,2016
nowosolski,Renewable energy,Solar,,Photovoltaics,0.111,1,Urzad Regulacji Energetyki,2016
nowosolski,Renewable energy,Bioenergy,Biomass and biogas,,0.252,1,Urzad Regulacji Energetyki,2016
nowosolski,Renewable energy,Wind,,Onshore,6.0,2,Urzad Regulacji Energetyki,2016
nowosolski,Renewable energy,Hydro,,Hydro,0.022,1,Urzad Regulacji Energetyki,2016
nowosądecki,Renewable energy,Solar,,Photovoltaics,0.967,2,Urzad Regulacji Energetyki,2016
nowosądecki,Renewable energy,Wind,,Onshore,0.46,2,Urzad Regulacji Energetyki,2016
nowosądecki,Renewable energy,Hydro,,Hydro,0.112,2,Urzad Regulacji Energetyki,2016
nowosądecki,Renewable energy,Hydro,,Hydro,0.84,1,Urzad Regulacji Energetyki,2016
nowosądecki,Renewable energy,Hydro,,Hydro,56.0,1,Urzad Regulacji Energetyki,2016
nowotarski,Renewable energy,Hydro,,Hydro,0.785,8,Urzad Regulacji Energetyki,2016
nowotarski,Renewable energy,Hydro,,Hydro,1.145,3,Urzad Regulacji Energetyki,2016
nowotarski,Renewable energy,Hydro,,Hydro,2.08,1,Urzad Regulacji Energetyki,2016
nowotarski,Renewable energy,Hydro,,Hydro,92.75,1,Urzad Regulacji Energetyki,2016
nowotarski,Renewable energy,Solar,,Photovoltaics,0.394,9,Urzad Regulacji Energetyki,2016
nowotarski,Renewable energy,Wind,,Onshore,0.505,2,Urzad Regulacji Energetyki,2016
nowotomyski,Renewable energy,Wind,,Onshore,22.4,5,Urzad Regulacji Energetyki,2016
nowotomyski,Renewable energy,Solar,,Photovoltaics,0.296,2,Urzad Regulacji Energetyki,2016
nowotomyski,Renewable energy,Hydro,,Hydro,0.02,1,Urzad Regulacji Energetyki,2016
nyski,Renewable energy,Hydro,,Hydro,0.53,3,Urzad Regulacji Energetyki,2016
nyski,Renewable energy,Hydro,,Hydro,6.646,1,Urzad Regulacji Energetyki,2016
nyski,Renewable energy,Hydro,,Hydro,6.14,3,Urzad Regulacji Energetyki,2016
nyski,Renewable energy,Bioenergy,Sewage and landfill gas,,0.037,1,Urzad Regulacji Energetyki,2016
nyski,Renewable energy,Hydro,,Hydro,0.76,1,Urzad Regulacji Energetyki,2016
nyski,Renewable energy,Bioenergy,Sewage and landfill gas,,0.25,1,Urzad Regulacji Energetyki,2016
nyski,Renewable energy,Wind,,Onshore,37.25,2,Urzad Regulacji Energetyki,2016
obornicki,Renewable energy,Wind,,Onshore,6.05,4,Urzad Regulacji Energetyki,2016
obornicki,Renewable energy,Hydro,,Hydro,0.5,1,Urzad Regulacji Energetyki,2016
obornicki,Renewable energy,Solar,,Photovoltaics,0.3,1,Urzad Regulacji Energetyki,2016
obornicki,Renewable energy,Hydro,,Hydro,0.249,4,Urzad Regulacji Energetyki,2016
olecki,Renewable energy,Bioenergy,Biomass and biogas,,2.126,2,Urzad Regulacji Energetyki,2016
olecki,Renewable energy,Solar,,Photovoltaics,0.04,1,Urzad Regulacji Energetyki,2016
olecki,Renewable energy,Wind,,Onshore,4.6,2,Urzad Regulacji Energetyki,2016
olecki,Renewable energy,Hydro,,Hydro,0.141,3,Urzad Regulacji Energetyki,2016
oleski,Renewable energy,Hydro,,Hydro,0.01,1,Urzad Regulacji Energetyki,2016
oleski,Renewable energy,Solar,,Photovoltaics,0.037,2,Urzad Regulacji Energetyki,2016
oleśnicki,Renewable energy,Bioenergy,Sewage and landfill gas,,0.32,1,Urzad Regulacji Energetyki,2016
oleśnicki,Renewable energy,Bioenergy,Biomass and biogas,,1.698,1,Urzad Regulacji Energetyki,2016
olkuski,Renewable energy,Bioenergy,Sewage and landfill gas,,0.73,1,Urzad Regulacji Energetyki,2016
olkuski,Renewable energy,Bioenergy,Sewage and landfill gas,,0.303,1,Urzad Regulacji Energetyki,2016
olkuski,Renewable energy,Hydro,,Hydro,0.068,1,Urzad Regulacji Energetyki,2016
olsztyński,Renewable energy,Bioenergy,Sewage and landfill gas,,0.8,1,Urzad Regulacji Energetyki,2016
olsztyński,Renewable energy,Bioenergy,Biomass and biogas,,1.2,1,Urzad Regulacji Energetyki,2016
olsztyński,Renewable energy,Solar,,Photovoltaics,2.683,6,Urzad Regulacji Energetyki,2016
olsztyński,Renewable energy,Wind,,Onshore,1.7,2,Urzad Regulacji Energetyki,2016
olsztyński,Renewable energy,Hydro,,Hydro,0.941,14,Urzad Regulacji Energetyki,2016
olsztyński,Renewable energy,Hydro,,Hydro,2.7,1,Urzad Regulacji Energetyki,2016
olsztyński,Renewable energy,Bioenergy,Sewage and landfill gas,,0.802,1,Urzad Regulacji Energetyki,2016
opatowski,Renewable energy,Wind,,Onshore,0.25,1,Urzad Regulacji Energetyki,2016
opoczyński,Renewable energy,Bioenergy,Biomass and biogas,,0.86,1,Urzad Regulacji Energetyki,2016
opoczyński,Renewable energy,Wind,,Onshore,1.6,1,Urzad Regulacji Energetyki,2016
opoczyński,Renewable energy,Hydro,,Hydro,0.291,4,Urzad Regulacji Energetyki,2016
opolski,Renewable energy,Solar,,Photovoltaics,1.11,3,Urzad Regulacji Energetyki,2016
opolski,Renewable energy,Solar,,Photovoltaics,0.001,1,Urzad Regulacji Energetyki,2016
opolski,Renewable energy,Hydro,,Hydro,1.0,1,Urzad Regulacji Energetyki,2016
opolski,Renewable energy,Hydro,,Hydro,0.098,3,Urzad Regulacji Energetyki,2016
opolski,Renewable energy,Hydro,,Hydro,3.4,2,Urzad Regulacji Energetyki,2016
opolski,Renewable energy,Hydro,,Hydro,0.154,4,Urzad Regulacji Energetyki,2016
opolski,Renewable energy,Bioenergy,Biomass and biogas,,0.0,2,Urzad Regulacji Energetyki,2016
ostrowiecki,Renewable energy,Bioenergy,Sewage and landfill gas,,0.18,1,Urzad Regulacji Energetyki,2016
ostrowiecki,Renewable energy,Solar,,Photovoltaics,0.049,2,Urzad Regulacji Energetyki,2016
ostrowiecki,Renewable energy,Hydro,,Hydro,0.679,5,Urzad Regulacji Energetyki,2016
ostrowiecki,Renewable energy,Wind,,Onshore,1.5,3,Urzad Regulacji Energetyki,2016
ostrowski,Renewable energy,Wind,,Onshore,25.0,18,Urzad Regulacji Energetyki,2016
ostrowski,Renewable energy,Solar,,Photovoltaics,0.05,5,Urzad Regulacji Energetyki,2016
ostrowski,Renewable energy,Bioenergy,Biomass and biogas,,1.5,1,Urzad Regulacji Energetyki,2016
ostrowski,Renewable energy,Bioenergy,Sewage and landfill gas,,0.1,1,Urzad Regulacji Energetyki,2016
ostrowski,Renewable energy,Bioenergy,Sewage and landfill gas,,0.384,1,Urzad Regulacji Energetyki,2016
ostrołęcki,Renewable energy,Bioenergy,Sewage and landfill gas,,0.17,1,Urzad Regulacji Energetyki,2016
ostrołęcki,Renewable energy,Wind,,Onshore,4.0,2,Urzad Regulacji Energetyki,2016
ostrołęcki,Renewable energy,Hydro,,Hydro,0.115,1,Urzad Regulacji Energetyki,2016
ostrzeszowski,Renewable energy,Bioenergy,Biomass and biogas,,0.99,1,Urzad Regulacji Energetyki,2016
ostrzeszowski,Renewable energy,Wind,,Onshore,3.4,2,Urzad Regulacji Energetyki,2016
ostrzeszowski,Renewable energy,Solar,,Photovoltaics,3.0,2,Urzad Regulacji Energetyki,2016
ostródzki,Renewable energy,Bioenergy,Sewage and landfill gas,,0.4,1,Urzad Regulacji Energetyki,2016
ostródzki,Renewable energy,Bioenergy,Biomass and biogas,,0.25,1,Urzad Regulacji Energetyki,2016
ostródzki,Renewable energy,Bioenergy,Sewage and landfill gas,,0.69,1,Urzad Regulacji Energetyki,2016
ostródzki,Renewable energy,Solar,,Photovoltaics,0.127,2,Urzad Regulacji Energetyki,2016
ostródzki,Renewable energy,Wind,,Onshore,0.12,2,Urzad Regulacji Energetyki,2016
ostródzki,Renewable energy,Bioenergy,Biomass and biogas,,0.22,1,Urzad Regulacji Energetyki,2016
otwocki,Renewable energy,Bioenergy,Sewage and landfill gas,,0.804,1,Urzad Regulacji Energetyki,2016
otwocki,Renewable energy,Bioenergy,Sewage and landfill gas,,0.64,1,Urzad Regulacji Energetyki,2016
otwocki,Renewable energy,Solar,,Photovoltaics,0.027,1,Urzad Regulacji Energetyki,2016
oławski,Renewable energy,Wind,,Onshore,9.2,3,Urzad Regulacji Energetyki,2016
oławski,Renewable energy,Solar,,Photovoltaics,0.036,1,Urzad Regulacji Energetyki,2016
oławski,Renewable energy,Bioenergy,Sewage and landfill gas,,0.4,1,Urzad Regulacji Energetyki,2016
oławski,Renewable energy,Bioenergy,Biomass and biogas,,1.2,1,Urzad Regulacji Energetyki,2016
oławski,Renewable energy,Hydro,,Hydro,3.2,1,Urzad Regulacji Energetyki,2016
oławski,Renewable energy,Hydro,,Hydro,1.08,2,Urzad Regulacji Energetyki,2016
oświęcimski,Renewable energy,Solar,,Photovoltaics,0.04,2,Urzad Regulacji Energetyki,2016
oświęcimski,Renewable energy,Hydro,,Hydro,2.2,1,Urzad Regulacji Energetyki,2016
oświęcimski,Renewable energy,Hydro,,Hydro,0.945,1,Urzad Regulacji Energetyki,2016
oświęcimski,Renewable energy,Bioenergy,Sewage and landfill gas,,0.55,2,Urzad Regulacji Energetyki,2016
oświęcimski,Renewable energy,Hydro,,Hydro,0.095,2,Urzad Regulacji Energetyki,2016
pabianicki,Renewable energy,Hydro,,Hydro,0.345,4,Urzad Regulacji Energetyki,2016
pabianicki,Renewable energy,Wind,,Onshore,3.055,5,Urzad Regulacji Energetyki,2016
pajęczański,Renewable energy,Hydro,,Hydro,0.112,2,Urzad Regulacji Energetyki,2016
pajęczański,Renewable energy,Wind,,Onshore,23.249,13,Urzad Regulacji Energetyki,2016
pajęczański,Renewable energy,Solar,,Photovoltaics,0.15,1,Urzad Regulacji Energetyki,2016
parczewski,Renewable energy,Hydro,,Hydro,0.022,1,Urzad Regulacji Energetyki,2016
parczewski,Renewable energy,Bioenergy,Biomass and biogas,,3.6,2,Urzad Regulacji Energetyki,2016
piaseczyński,Renewable energy,Wind,,Onshore,0.25,1,Urzad Regulacji Energetyki,2016
piaseczyński,Renewable energy,Bioenergy,Sewage and landfill gas,,2.799,2,Urzad Regulacji Energetyki,2016
piaseczyński,Renewable energy,Bioenergy,Sewage and landfill gas,,0.32,1,Urzad Regulacji Energetyki,2016
pilski,Renewable energy,Hydro,,Hydro,3.19,2,Urzad Regulacji Energetyki,2016
pilski,Renewable energy,Hydro,,Hydro,0.32,1,Urzad Regulacji Energetyki,2016
pilski,Renewable energy,Hydro,,Hydro,0.332,6,Urzad Regulacji Energetyki,2016
pilski,Renewable energy,Solar,,Photovoltaics,0.002,1,Urzad Regulacji Energetyki,2016
pilski,Renewable energy,Bioenergy,Sewage and landfill gas,,0.4,1,Urzad Regulacji Energetyki,2016
pilski,Renewable energy,Bioenergy,Biomass and biogas,,0.526,1,Urzad Regulacji Energetyki,2016
pilski,Renewable energy,Wind,,Onshore,0.9,1,Urzad Regulacji Energetyki,2016
piotrkowski,Renewable energy,Wind,,Onshore,51.95,27,Urzad Regulacji Energetyki,2016
piotrkowski,Renewable energy,Hydro,,Hydro,0.165,4,Urzad Regulacji Energetyki,2016
pińczowski,Renewable energy,Hydro,,Hydro,0.111,2,Urzad Regulacji Energetyki,2016
pleszewski,Renewable energy,Bioenergy,Sewage and landfill gas,,0.856,2,Urzad Regulacji Energetyki,2016
pleszewski,Renewable energy,Wind,,Onshore,45.5,9,Urzad Regulacji Energetyki,2016
pleszewski,Renewable energy,Hydro,,Hydro,0.3,1,Urzad Regulacji Energetyki,2016
poddębicki,Renewable energy,Wind,,Onshore,12.59,17,Urzad Regulacji Energetyki,2016
poddębicki,Renewable energy,Hydro,,Hydro,4.0,1,Urzad Regulacji Energetyki,2016
poddębicki,Renewable energy,Hydro,,Hydro,0.367,6,Urzad Regulacji Energetyki,2016
policki,Renewable energy,Bioenergy,Sewage and landfill gas,,0.36,1,Urzad Regulacji Energetyki,2016
policki,Renewable energy,Wind,,Onshore,0.6,1,Urzad Regulacji Energetyki,2016
polkowicki,Renewable energy,Bioenergy,Biomass and biogas,,0.499,1,Urzad Regulacji Energetyki,2016
polkowicki,Renewable energy,Solar,,Photovoltaics,1.124,2,Urzad Regulacji Energetyki,2016
poznański,Renewable energy,Hydro,,Hydro,0.045,1,Urzad Regulacji Energetyki,2016
poznański,Renewable energy,Wind,,Onshore,1.0,1,Urzad Regulacji Energetyki,2016
poznański,Renewable energy,Solar,,Photovoltaics,0.121,3,Urzad Regulacji Energetyki,2016
poznański,Renewable energy,Bioenergy,Sewage and landfill gas,,1.724,3,Urzad Regulacji Energetyki,2016
poznański,Renewable energy,Bioenergy,Biomass and biogas,,1.08,2,Urzad Regulacji Energetyki,2016
poznański,Renewable energy,Bioenergy,Sewage and landfill gas,,2.793,1,Urzad Regulacji Energetyki,2016
proszowicki,Renewable energy,Wind,,Onshore,1.35,4,Urzad Regulacji Energetyki,2016
proszowicki,Renewable energy,Hydro,,Hydro,0.28,5,Urzad Regulacji Energetyki,2016
prudnicki,Renewable energy,Hydro,,Hydro,0.063,2,Urzad Regulacji Energetyki,2016
pruszkowski,Renewable energy,Bioenergy,Sewage and landfill gas,,0.64,1,Urzad Regulacji Energetyki,2016
pruszkowski,Renewable energy,Bioenergy,Sewage and landfill gas,,0.72,1,Urzad Regulacji Energetyki,2016
przasnyski,Renewable energy,Solar,,Photovoltaics,0.04,1,Urzad Regulacji Energetyki,2016
przemyski,Renewable energy,Wind,,Onshore,18.6,4,Urzad Regulacji Energetyki,2016
przeworski,Renewable energy,Hydro,,Hydro,0.097,1,Urzad Regulacji Energetyki,2016
przeworski,Renewable energy,Wind,,Onshore,67.5,1,Urzad Regulacji Energetyki,2016
przysuski,Renewable energy,Wind,,Onshore,0.85,1,Urzad Regulacji Energetyki,2016
przysuski,Renewable energy,Solar,,Photovoltaics,0.054,2,Urzad Regulacji Energetyki,2016
pszczyński,Renewable energy,Bioenergy,Biomass and biogas,,0.04,1,Urzad Regulacji Energetyki,2016
pszczyński,Renewable energy,Bioenergy,Sewage and landfill gas,,0.1,1,Urzad Regulacji Energetyki,2016
pucki,Renewable energy,Hydro,,Hydro,0.024,2,Urzad Regulacji Energetyki,2016
pucki,Renewable energy,Bioenergy,Sewage and landfill gas,,1.4,2,Urzad Regulacji Energetyki,2016
pucki,Renewable energy,Wind,,Onshore,46.0,5,Urzad Regulacji Energetyki,2016
puławski,Renewable energy,Bioenergy,Sewage and landfill gas,,0.37,1,Urzad Regulacji Energetyki,2016
puławski,Renewable energy,Solar,,Photovoltaics,1.0,1,Urzad Regulacji Energetyki,2016
puławski,Renewable energy,Hydro,,Hydro,0.055,1,Urzad Regulacji Energetyki,2016
pyrzycki,Renewable energy,Wind,,Onshore,111.0,2,Urzad Regulacji Energetyki,2016
płocki,Renewable energy,Bioenergy,Sewage and landfill gas,,0.5,1,Urzad Regulacji Energetyki,2016
płocki,Renewable energy,Hydro,,Hydro,0.075,1,Urzad Regulacji Energetyki,2016
płocki,Renewable energy,Wind,,Onshore,17.75,10,Urzad Regulacji Energetyki,2016
płocki,Renewable energy,Bioenergy,Sewage and landfill gas,,0.752,3,Urzad Regulacji Energetyki,2016
płoński,Renewable energy,Hydro,,Hydro,0.375,1,Urzad Regulacji Energetyki,2016
płoński,Renewable energy,Hydro,,Hydro,0.11,1,Urzad Regulacji Energetyki,2016
płoński,Renewable energy,Wind,,Onshore,11.7,7,Urzad Regulacji Energetyki,2016
płoński,Renewable energy,Bioenergy,Sewage and landfill gas,,0.5,1,Urzad Regulacji Energetyki,2016
płoński,Renewable energy,Bioenergy,Biomass and biogas,,1.56,1,Urzad Regulacji Energetyki,2016
płoński,Renewable energy,Bioenergy,Biomass and biogas,,2.08,1,Urzad Regulacji Energetyki,2016
raciborski,Renewable energy,Bioenergy,Sewage and landfill gas,,0.18,1,Urzad Regulacji Energetyki,2016
raciborski,Renewable energy,Solar,,Photovoltaics,0.02,1,Urzad Regulacji Energetyki,2016
raciborski,Renewable energy,Wind,,Onshore,5.0,2,Urzad Regulacji Energetyki,2016
raciborski,Renewable energy,Bioenergy,Sewage and landfill gas,,0.19,1,Urzad Regulacji Energetyki,2016
radomski,Renewable energy,Hydro,,Hydro,0.555,7,Urzad Regulacji Energetyki,2016
radomski,Renewable energy,Wind,,Onshore,63.765,5,Urzad Regulacji Energetyki,2016
radomszczański,Renewable energy,Bioenergy,Biomass and biogas,,1.2,1,Urzad Regulacji Energetyki,2016
radomszczański,Renewable energy,Wind,,Onshore,56.535,26,Urzad Regulacji Energetyki,2016
radziejowski,Renewable energy,Wind,,Onshore,95.135,41,Urzad Regulacji Energetyki,2016
radziejowski,Renewable energy,Solar,,Photovoltaics,0.305,2,Urzad Regulacji Energetyki,2016
radzyński,Renewable energy,Hydro,,Hydro,0.092,2,Urzad Regulacji Energetyki,2016
rawicki,Renewable energy,Solar,,Photovoltaics,0.095,2,Urzad Regulacji Energetyki,2016
rawicki,Renewable energy,Wind,,Onshore,5.0,1,Urzad Regulacji Energetyki,2016
rawski,Renewable energy,Hydro,,Hydro,0.09,1,Urzad Regulacji Energetyki,2016
rawski,Renewable energy,Wind,,Onshore,22.0,1,Urzad Regulacji Energetyki,2016
rawski,Renewable energy,Bioenergy,Biomass and biogas,,1.998,1,Urzad Regulacji Energetyki,2016
ropczycko-sędziszowski,Renewable energy,Solar,,Photovoltaics,0.069,3,Urzad Regulacji Energetyki,2016
ropczycko-sędziszowski,Renewable energy,Bioenergy,Sewage and landfill gas,,1.377,1,Urzad Regulacji Energetyki,2016
rybnicki,Renewable energy,Solar,,Photovoltaics,0.02,1,Urzad Regulacji Energetyki,2016
rycki,Renewable energy,Hydro,,Hydro,0.04,1,Urzad Regulacji Energetyki,2016
rycki,Renewable energy,Wind,,Onshore,0.15,1,Urzad Regulacji Energetyki,2016
rycki,Renewable energy,Solar,,Photovoltaics,1.312,1,Urzad Regulacji Energetyki,2016
rypiński,Renewable energy,Bioenergy,Biomass and biogas,,1.965,2,Urzad Regulacji Energetyki,2016
rypiński,Renewable energy,Bioenergy,Sewage and landfill gas,,0.08,1,Urzad Regulacji Energetyki,2016
rypiński,Renewable energy,Wind,,Onshore,18.35,14,Urzad Regulacji Energetyki,2016
rzeszowski,Renewable energy,Wind,,Onshore,0.25,1,Urzad Regulacji Energetyki,2016
rzeszowski,Renewable energy,Solar,,Photovoltaics,0.68,2,Urzad Regulacji Energetyki,2016
sandomierski,Renewable energy,Wind,,Onshore,3.455,4,Urzad Regulacji Energetyki,2016
sandomierski,Renewable energy,Hydro,,Hydro,0.087,3,Urzad Regulacji Energetyki,2016
sanocki,Renewable energy,Bioenergy,Biomass and biogas,,0.5,1,Urzad Regulacji Energetyki,2016
sanocki,Renewable energy,Solar,,Photovoltaics,0.048,2,Urzad Regulacji Energetyki,2016
sanocki,Renewable energy,Wind,,Onshore,18.0,1,Urzad Regulacji Energetyki,2016
siedlecki,Renewable energy,Bioenergy,Sewage and landfill gas,,0.228,1,Urzad Regulacji Energetyki,2016
siemiatycki,Renewable energy,Bioenergy,Sewage and landfill gas,,0.19,1,Urzad Regulacji Energetyki,2016
sieradzki,Renewable energy,Wind,,Onshore,106.8,23,Urzad Regulacji Energetyki,2016
sierpecki,Renewable energy,Hydro,,Hydro,0.167,3,Urzad Regulacji Energetyki,2016
sierpecki,Renewable energy,Wind,,Onshore,15.2,6,Urzad Regulacji Energetyki,2016
skarżyski,Renewable energy,Hydro,,Hydro,0.03,1,Urzad Regulacji Energetyki,2016
skierniewicki,Renewable energy,Hydro,,Hydro,0.326,5,Urzad Regulacji Energetyki,2016
skierniewicki,Renewable energy,Bioenergy,Sewage and landfill gas,,0.19,1,Urzad Regulacji Energetyki,2016
skierniewicki,Renewable energy,Wind,,Onshore,84.6,7,Urzad Regulacji Energetyki,2016
sochaczewski,Renewable energy,Wind,,Onshore,0.75,1,Urzad Regulacji Energetyki,2016
sokołowski,Renewable energy,Wind,,Onshore,6.0,3,Urzad Regulacji Energetyki,2016
sokołowski,Renewable energy,Bioenergy,Biomass and biogas,,0.7,1,Urzad Regulacji Energetyki,2016
sokólski,Renewable energy,Bioenergy,Biomass and biogas,,1.099,2,Urzad Regulacji Energetyki,2016
sokólski,Renewable energy,Wind,,Onshore,4.1,3,Urzad Regulacji Energetyki,2016
stalowowolski,Renewable energy,Hydro,,Hydro,0.04,1,Urzad Regulacji Energetyki,2016
stalowowolski,Renewable energy,Solar,,Photovoltaics,0.099,1,Urzad Regulacji Energetyki,2016
stalowowolski,Renewable energy,Bioenergy,Biomass and biogas,,30.0,1,Urzad Regulacji Energetyki,2016
stalowowolski,Renewable energy,Bioenergy,Sewage and landfill gas,,0.527,1,Urzad Regulacji Energetyki,2016
stalowowolski,Renewable energy,Bioenergy,Sewage and landfill gas,,0.208,1,Urzad Regulacji Energetyki,2016
stalowowolski,Renewable energy,Bioenergy,Biomass and biogas,,0.0,2,Urzad Regulacji Energetyki,2016
stalowowolski,Renewable energy,Wind,,Onshore,0.675,1,Urzad Regulacji Energetyki,2016
starachowicki,Renewable energy,Solar,,Photovoltaics,0.022,2,Urzad Regulacji Energetyki,2016
starachowicki,Renewable energy,Hydro,,Hydro,0.45,1,Urzad Regulacji Energetyki,2016
starachowicki,Renewable energy,Hydro,,Hydro,0.185,2,Urzad Regulacji Energetyki,2016
starachowicki,Renewable energy,Wind,,Onshore,10.0,1,Urzad Regulacji Energetyki,2016
stargardzki,Renewable energy,Solar,,Photovoltaics,0.189,1,Urzad Regulacji Energetyki,2016
stargardzki,Renewable energy,Bioenergy,Biomass and biogas,,0.0,1,Urzad Regulacji Energetyki,2016
stargardzki,Renewable energy,Hydro,,Hydro,0.253,6,Urzad Regulacji Energetyki,2016
stargardzki,Renewable energy,Bioenergy,Sewage and landfill gas,,0.2,1,Urzad Regulacji Energetyki,2016
stargardzki,Renewable energy,Wind,,Onshore,66.65,4,Urzad Regulacji Energetyki,2016
starogardzki,Renewable energy,Hydro,,Hydro,0.82,2,Urzad Regulacji Energetyki,2016
starogardzki,Renewable energy,Hydro,,Hydro,1.435,9,Urzad Regulacji Energetyki,2016
staszowski,Renewable energy,Bioenergy,Biomass and biogas,,230.0,1,Urzad Regulacji Energetyki,2016
staszowski,Renewable energy,Bioenergy,Biomass and biogas,,0.0,1,Urzad Regulacji Energetyki,2016
staszowski,Renewable energy,Hydro,,Hydro,0.376,6,Urzad Regulacji Energetyki,2016
strzelecki,Renewable energy,Solar,,Photovoltaics,0.764,2,Urzad Regulacji Energetyki,2016
strzelecki,Renewable energy,Wind,,Onshore,0.45,1,Urzad Regulacji Energetyki,2016
strzelecki,Renewable energy,Hydro,,Hydro,0.213,3,Urzad Regulacji Energetyki,2016
strzelecko-drezdenecki,Renewable energy,Solar,,Photovoltaics,0.039,1,Urzad Regulacji Energetyki,2016
strzelecko-drezdenecki,Renewable energy,Hydro,,Hydro,1.92,2,Urzad Regulacji Energetyki,2016
strzelecko-drezdenecki,Renewable energy,Wind,,Onshore,6.0,1,Urzad Regulacji Energetyki,2016
strzelecko-drezdenecki,Renewable energy,Hydro,,Hydro,0.039,1,Urzad Regulacji Energetyki,2016
strzeliński,Renewable energy,Hydro,,Hydro,0.037,1,Urzad Regulacji Energetyki,2016
strzeliński,Renewable energy,Bioenergy,Biomass and biogas,,2.0,1,Urzad Regulacji Energetyki,2016
strzyżowski,Renewable energy,Solar,,Photovoltaics,0.013,2,Urzad Regulacji Energetyki,2016
sulęciński,Renewable energy,Hydro,,Hydro,0.067,4,Urzad Regulacji Energetyki,2016
suski,Renewable energy,Hydro,,Hydro,0.042,1,Urzad Regulacji Energetyki,2016
suwalski,Renewable energy,Hydro,,Hydro,0.06,2,Urzad Regulacji Energetyki,2016
suwalski,Renewable energy,Solar,,Photovoltaics,0.098,1,Urzad Regulacji Energetyki,2016
suwalski,Renewable energy,Wind,,Onshore,115.56,15,Urzad Regulacji Energetyki,2016
szamotulski,Renewable energy,Wind,,Onshore,1.0,1,Urzad Regulacji Energetyki,2016
szczecinecki,Renewable energy,Bioenergy,Biomass and biogas,,1.6,1,Urzad Regulacji Energetyki,2016
szczecinecki,Renewable energy,Hydro,,Hydro,0.213,3,Urzad Regulacji Energetyki,2016
szczecinecki,Renewable energy,Bioenergy,Sewage and landfill gas,,0.16,1,Urzad Regulacji Energetyki,2016
szczecinecki,Renewable energy,Wind,,Onshore,3.65,2,Urzad Regulacji Energetyki,2016
szczecinecki,Renewable energy,Bioenergy,Sewage and landfill gas,,0.25,1,Urzad Regulacji Energetyki,2016
szczecinecki,Renewable energy,Solar,,Photovoltaics,0.039,1,Urzad Regulacji Energetyki,2016
szczycieński,Renewable energy,Solar,,Photovoltaics,1.419,4,Urzad Regulacji Energetyki,2016
szczycieński,Renewable energy,Hydro,,Hydro,0.055,2,Urzad Regulacji Energetyki,2016
sztumski,Renewable energy,Hydro,,Hydro,0.08,2,Urzad Regulacji Energetyki,2016
sztumski,Renewable energy,Wind,,Onshore,67.3,6,Urzad Regulacji Energetyki,2016
szydłowiecki,Renewable energy,Wind,,Onshore,2.6,2,Urzad Regulacji Energetyki,2016
szydłowiecki,Renewable energy,Solar,,Photovoltaics,0.019,1,Urzad Regulacji Energetyki,2016
sępoleński,Renewable energy,Wind,,Onshore,8.0,2,Urzad Regulacji Energetyki,2016
sławieński,Renewable energy,Hydro,,Hydro,0.602,5,Urzad Regulacji Energetyki,2016
sławieński,Renewable energy,Wind,,Onshore,511.888,43,Urzad Regulacji Energetyki,2016
słubicki,Renewable energy,Wind,,Onshore,97.3,3,Urzad Regulacji Energetyki,2016
słubicki,Renewable energy,Hydro,,Hydro,0.223,5,Urzad Regulacji Energetyki,2016
słupecki,Renewable energy,Wind,,Onshore,26.86,13,Urzad Regulacji Energetyki,2016
słupski,Renewable energy,Bioenergy,Biomass and biogas,,2.4,1,Urzad Regulacji Energetyki,2016
słupski,Renewable energy,Hydro,,Hydro,2.4,1,Urzad Regulacji Energetyki,2016
słupski,Renewable energy,Wind,,Onshore,149.2,12,Urzad Regulacji Energetyki,2016
słupski,Renewable energy,Solar,,Photovoltaics,0.199,1,Urzad Regulacji Energetyki,2016
słupski,Renewable energy,Bioenergy,Sewage and landfill gas,,0.2,1,Urzad Regulacji Energetyki,2016
słupski,Renewable energy,Bioenergy,Sewage and landfill gas,,0.091,1,Urzad Regulacji Energetyki,2016
słupski,Renewable energy,Hydro,,Hydro,2.632,5,Urzad Regulacji Energetyki,2016
słupski,Renewable energy,Hydro,,Hydro,0.945,9,Urzad Regulacji Energetyki,2016
tarnobrzeski,Renewable energy,Solar,,Photovoltaics,0.66,1,Urzad Regulacji Energetyki,2016
tarnowski,Renewable energy,Solar,,Photovoltaics,2.031,6,Urzad Regulacji Energetyki,2016
tatrzański,Renewable energy,Hydro,,Hydro,0.93,6,Urzad Regulacji Energetyki,2016
tatrzański,Renewable energy,Hydro,,Hydro,0.33,1,Urzad Regulacji Energetyki,2016
tczewski,Renewable energy,Bioenergy,Sewage and landfill gas,,0.6,1,Urzad Regulacji Energetyki,2016
tczewski,Renewable energy,Hydro,,Hydro,0.326,4,Urzad Regulacji Energetyki,2016
tczewski,Renewable energy,Hydro,,Hydro,0.5,1,Urzad Regulacji Energetyki,2016
tczewski,Renewable energy,Wind,,Onshore,67.0,5,Urzad Regulacji Energetyki,2016
tomaszowski,Renewable energy,Hydro,,Hydro,0.067,1,Urzad Regulacji Energetyki,2016
tomaszowski,Renewable energy,Wind,,Onshore,77.1,3,Urzad Regulacji Energetyki,2016
tomaszowski,Renewable energy,Solar,,Photovoltaics,2.931,4,Urzad Regulacji Energetyki,2016
tomaszowski,Renewable energy,Hydro,,Hydro,3.564,1,Urzad Regulacji Energetyki,2016
tomaszowski,Renewable energy,Solar,,Photovoltaics,0.039,1,Urzad Regulacji Energetyki,2016
tomaszowski,Renewable energy,Wind,,Onshore,4.85,6,Urzad Regulacji Energetyki,2016
tomaszowski,Renewable energy,Hydro,,Hydro,0.232,3,Urzad Regulacji Energetyki,2016
toruński,Renewable energy,Hydro,,Hydro,0.033,1,Urzad Regulacji Energetyki,2016
toruński,Renewable energy,Wind,,Onshore,12.26,8,Urzad Regulacji Energetyki,2016
toruński,Renewable energy,Solar,,Photovoltaics,3.77,2,Urzad Regulacji Energetyki,2016
trzebnicki,Renewable energy,Solar,,Photovoltaics,0.02,1,Urzad Regulacji Energetyki,2016
tucholski,Renewable energy,Hydro,,Hydro,0.53,1,Urzad Regulacji Energetyki,2016
tucholski,Renewable energy,Hydro,,Hydro,0.123,4,Urzad Regulacji Energetyki,2016
tucholski,Renewable energy,Wind,,Onshore,7.7,4,Urzad Regulacji Energetyki,2016
turecki,Renewable energy,Bioenergy,Biomass and biogas,,0.0,1,Urzad Regulacji Energetyki,2016
turecki,Renewable energy,Wind,,Onshore,5.635,8,Urzad Regulacji Energetyki,2016
turecki,Renewable energy,Solar,,Photovoltaics,1.039,2,Urzad Regulacji Energetyki,2016
turecki,Renewable energy,Bioenergy,Biomass and biogas,,1.897,1,Urzad Regulacji Energetyki,2016
wadowicki,Renewable energy,Hydro,,Hydro,8.31,2,Urzad Regulacji Energetyki,2016
wadowicki,Renewable energy,Bioenergy,Sewage and landfill gas,,0.198,1,Urzad Regulacji Energetyki,2016
wadowicki,Renewable energy,Bioenergy,Biomass and biogas,,3.15,1,Urzad Regulacji Energetyki,2016
wadowicki,Renewable energy,Solar,,Photovoltaics,0.037,1,Urzad Regulacji Energetyki,2016
wadowicki,Renewable energy,Wind,,Onshore,0.099,1,Urzad Regulacji Energetyki,2016
warszawski zachodni,Renewable energy,Wind,,Onshore,0.225,1,Urzad Regulacji Energetyki,2016
warszawski zachodni,Renewable energy,Bioenergy,Sewage and landfill gas,,0.823,2,Urzad Regulacji Energetyki,2016
wałbrzyski,Renewable energy,Solar,,Photovoltaics,0.029,2,Urzad Regulacji Energetyki,2016
wałecki,Renewable energy,Bioenergy,Biomass and biogas,,7.23,1,Urzad Regulacji Energetyki,2016
wałecki,Renewable energy,Bioenergy,Biomass and biogas,,0.999,1,Urzad Regulacji Energetyki,2016
wałecki,Renewable energy,Hydro,,Hydro,0.09,1,Urzad Regulacji Energetyki,2016
wałecki,Renewable energy,Wind,,Onshore,7.21,5,Urzad Regulacji Energetyki,2016
wejherowski,Renewable energy,Hydro,,Hydro,0.534,10,Urzad Regulacji Energetyki,2016
wejherowski,Renewable energy,Wind,,Onshore,22.65,9,Urzad Regulacji Energetyki,2016
wejherowski,Renewable energy,Bioenergy,Sewage and landfill gas,,2.471,2,Urzad Regulacji Energetyki,2016
wielicki,Renewable energy,Solar,,Photovoltaics,0.061,2,Urzad Regulacji Energetyki,2016
wieluński,Renewable energy,Wind,,Onshore,30.32,15,Urzad Regulacji Energetyki,2016
wieruszowski,Renewable energy,Hydro,,Hydro,0.314,3,Urzad Regulacji Energetyki,2016
wieruszowski,Renewable energy,Wind,,Onshore,0.095,1,Urzad Regulacji Energetyki,2016
wodzisławski,Renewable energy,Bioenergy,Sewage and landfill gas,,0.154,1,Urzad Regulacji Energetyki,2016
wodzisławski,Renewable energy,Solar,,Photovoltaics,0.02,1,Urzad Regulacji Energetyki,2016
wolsztyński,Renewable energy,Solar,,Photovoltaics,0.068,2,Urzad Regulacji Energetyki,2016
wolsztyński,Renewable energy,Wind,,Onshore,2.49,2,Urzad Regulacji Energetyki,2016
wołomiński,Renewable energy,Wind,,Onshore,0.75,1,Urzad Regulacji Energetyki,2016
wołomiński,Renewable energy,Bioenergy,Sewage and landfill gas,,0.242,1,Urzad Regulacji Energetyki,2016
wołomiński,Renewable energy,Bioenergy,Sewage and landfill gas,,0.123,1,Urzad Regulacji Energetyki,2016
wołowski,Renewable energy,Hydro,,Hydro,9.72,1,Urzad Regulacji Energetyki,2016
wrocławski,Renewable energy,Hydro,,Hydro,1.52,1,Urzad Regulacji Energetyki,2016
wrocławski,Renewable energy,Hydro,,Hydro,0.217,4,Urzad Regulacji Energetyki,2016
wrocławski,Renewable energy,Bioenergy,Biomass and biogas,,100.0,1,Urzad Regulacji Energetyki,2016
wrocławski,Renewable energy,Bioenergy,Biomass and biogas,,1.726,2,Urzad Regulacji Energetyki,2016
wrzesiński,Renewable energy,Wind,,Onshore,22.35,12,Urzad Regulacji Energetyki,2016
wrzesiński,Renewable energy,Solar,,Photovoltaics,0.09,3,Urzad Regulacji Energetyki,2016
wschowski,Renewable energy,Solar,,Photovoltaics,0.22,2,Urzad Regulacji Energetyki,2016
wysokomazowiecki,Renewable energy,Hydro,,Hydro,0.16,3,Urzad Regulacji Energetyki,2016
wysokomazowiecki,Renewable energy,Wind,,Onshore,5.6,4,Urzad Regulacji Energetyki,2016
wysokomazowiecki,Renewable energy,Solar,,Photovoltaics,0.041,1,Urzad Regulacji Energetyki,2016
wysokomazowiecki,Renewable energy,Bioenergy,Biomass and biogas,,1.9,2,Urzad Regulacji Energetyki,2016
wysokomazowiecki,Renewable energy,Bioenergy,Sewage and landfill gas,,1.6,1,Urzad Regulacji Energetyki,2016
wyszkowski,Renewable energy,Wind,,Onshore,0.3,1,Urzad Regulacji Energetyki,2016
wąbrzeski,Renewable energy,Wind,,Onshore,7.2,6,Urzad Regulacji Energetyki,2016
wąbrzeski,Renewable energy,Bioenergy,Sewage and landfill gas,,0.382,1,Urzad Regulacji Energetyki,2016
wąbrzeski,Renewable energy,Solar,,Photovoltaics,0.024,1,Urzad Regulacji Energetyki,2016
wągrowiecki,Renewable energy,Solar,,Photovoltaics,0.04,1,Urzad Regulacji Energetyki,2016
wągrowiecki,Renewable energy,Wind,,Onshore,88.55,5,Urzad Regulacji Energetyki,2016
węgorzewski,Renewable energy,Hydro,,Hydro,0.4,1,Urzad Regulacji Energetyki,2016
węgorzewski,Renewable energy,Hydro,,Hydro,0.17,1,Urzad Regulacji Energetyki,2016
węgorzewski,Renewable energy,Solar,,Photovoltaics,1.0,1,Urzad Regulacji Energetyki,2016
węgrowski,Renewable energy,Bioenergy,Biomass and biogas,,0.999,1,Urzad Regulacji Energetyki,2016
węgrowski,Renewable energy,Solar,,Photovoltaics,0.04,1,Urzad Regulacji Energetyki,2016
węgrowski,Renewable energy,Wind,,Onshore,82.5,1,Urzad Regulacji Energetyki,2016
węgrowski,Renewable energy,Hydro,,Hydro,0.219,2,Urzad Regulacji Energetyki,2016
włocławski,Renewable energy,Bioenergy,Sewage and landfill gas,,0.313,1,Urzad Regulacji Energetyki,2016
włocławski,Renewable energy,Wind,,Onshore,35.625,39,Urzad Regulacji Energetyki,2016
włocławski,Renewable energy,Hydro,,Hydro,0.112,2,Urzad Regulacji Energetyki,2016
włodawski,Renewable energy,Bioenergy,Biomass and biogas,,1.063,1,Urzad Regulacji Energetyki,2016
włodawski,Renewable energy,Solar,,Photovoltaics,3.56,4,Urzad Regulacji Energetyki,2016
włoszczowski,Renewable energy,Hydro,,Hydro,0.015,1,Urzad Regulacji Energetyki,2016
włoszczowski,Renewable energy,Wind,,Onshore,0.8,4,Urzad Regulacji Energetyki,2016
włoszczowski,Renewable energy,Bioenergy,Biomass and biogas,,1.9,1,Urzad Regulacji Energetyki,2016
zambrowski,Renewable energy,Solar,,Photovoltaics,0.998,1,Urzad Regulacji Energetyki,2016
zamojski,Renewable energy,Hydro,,Hydro,0.37,1,Urzad Regulacji Energetyki,2016
zamojski,Renewable energy,Hydro,,Hydro,0.302,5,Urzad Regulacji Energetyki,2016
zamojski,Renewable energy,Solar,,Photovoltaics,0.039,4,Urzad Regulacji Energetyki,2016
zawierciański,Renewable energy,Hydro,,Hydro,0.06,2,Urzad Regulacji Energetyki,2016
zawierciański,Renewable energy,Solar,,Photovoltaics,0.129,4,Urzad Regulacji Energetyki,2016
zawierciański,Renewable energy,Bioenergy,Sewage and landfill gas,,0.25,1,Urzad Regulacji Energetyki,2016
zawierciański,Renewable energy,Bioenergy,Biomass and biogas,,0.6,1,Urzad Regulacji Energetyki,2016
zawierciański,Renewable energy,Bioenergy,Sewage and landfill gas,,0.5,1,Urzad Regulacji Energetyki,2016
zduńskowolski,Renewable energy,Solar,,Photovoltaics,0.573,3,Urzad Regulacji Energetyki,2016
zduńskowolski,Renewable energy,Wind,,Onshore,21.45,17,Urzad Regulacji Energetyki,2016
zduńskowolski,Renewable energy,Bioenergy,Sewage and landfill gas,,0.365,1,Urzad Regulacji Energetyki,2016
zgierski,Renewable energy,Hydro,,Hydro,0.174,4,Urzad Regulacji Energetyki,2016
zgierski,Renewable energy,Wind,,Onshore,3.905,3,Urzad Regulacji Energetyki,2016
zgierski,Renewable energy,Solar,,Photovoltaics,0.04,1,Urzad Regulacji Energetyki,2016
zgorzelecki,Renewable energy,Wind,,Onshore,50.0,2,Urzad Regulacji Energetyki,2016
zgorzelecki,Renewable energy,Bioenergy,Biomass and biogas,,0.0,1,Urzad Regulacji Energetyki,2016
zgorzelecki,Renewable energy,Hydro,,Hydro,0.75,2,Urzad Regulacji Energetyki,2016
zgorzelecki,Renewable energy,Bioenergy,Sewage and landfill gas,,0.24,1,Urzad Regulacji Energetyki,2016
zgorzelecki,Renewable energy,Hydro,,Hydro,0.162,3,Urzad Regulacji Energetyki,2016
zielonogórski,Renewable energy,Hydro,,Hydro,0.03,1,Urzad Regulacji Energetyki,2016
zielonogórski,Renewable energy,Solar,,Photovoltaics,0.045,2,Urzad Regulacji Energetyki,2016
zielonogórski,Renewable energy,Bioenergy,Sewage and landfill gas,,0.5,1,Urzad Regulacji Energetyki,2016
zielonogórski,Renewable energy,Bioenergy,Biomass and biogas,,2.14,2,Urzad Regulacji Energetyki,2016
zwoleński,Renewable energy,Hydro,,Hydro,0.055,1,Urzad Regulacji Energetyki,2016
zwoleński,Renewable energy,Wind,,Onshore,1.25,2,Urzad Regulacji Energetyki,2016
ząbkowicki,Renewable energy,Hydro,,Hydro,1.04,2,Urzad Regulacji Energetyki,2016
ząbkowicki,Renewable energy,Hydro,,Hydro,1.56,1,Urzad Regulacji Energetyki,2016
złotoryjski,Renewable energy,Wind,,Onshore,64.0,3,Urzad Regulacji Energetyki,2016
złotoryjski,Renewable energy,Hydro,,Hydro,0.088,2,Urzad Regulacji Energetyki,2016
złotowski,Renewable energy,Wind,,Onshore,16.35,4,Urzad Regulacji Energetyki,2016
złotowski,Renewable energy,Hydro,,Hydro,0.558,7,Urzad Regulacji Energetyki,2016
złotowski,Renewable energy,Hydro,,Hydro,0.5,1,Urzad Regulacji Energetyki,2016
złotowski,Renewable energy,Hydro,,Hydro,5.5,3,Urzad Regulacji Energetyki,2016
złotowski,Renewable energy,Solar,,Photovoltaics,0.04,1,Urzad Regulacji Energetyki,2016
Łomża,Renewable energy,Bioenergy,Sewage and landfill gas,,0.37,1,Urzad Regulacji Energetyki,2016
Łódź,Renewable energy,Bioenergy,Biomass and biogas,,48.0,1,Urzad Regulacji Energetyki,2016
Łódź,Renewable energy,Solar,,Photovoltaics,0.499,4,Urzad Regulacji Energetyki,2016
Łódź,Renewable energy,Bioenergy,Biomass and biogas,,0.0,1,Urzad Regulacji Energetyki,2016
Łódź,Renewable energy,Bioenergy,Sewage and landfill gas,,2.799,1,Urzad Regulacji Energetyki,2016
łaski,Renewable energy,Hydro,,Hydro,0.18,3,Urzad Regulacji Energetyki,2016
łaski,Renewable energy,Solar,,Photovoltaics,0.005,1,Urzad Regulacji Energetyki,2016
łaski,Renewable energy,Wind,,Onshore,15.28,14,Urzad Regulacji Energetyki,2016
łańcucki,Renewable energy,Solar,,Photovoltaics,0.01,1,Urzad Regulacji Energetyki,2016
łobeski,Renewable energy,Bioenergy,Biomass and biogas,,2.599,2,Urzad Regulacji Energetyki,2016
łobeski,Renewable energy,Hydro,,Hydro,0.807,11,Urzad Regulacji Energetyki,2016
łobeski,Renewable energy,Wind,,Onshore,96.0,4,Urzad Regulacji Energetyki,2016
łomżyński,Renewable energy,Wind,,Onshore,2.0,1,Urzad Regulacji Energetyki,2016
łomżyński,Renewable energy,Solar,,Photovoltaics,0.711,1,Urzad Regulacji Energetyki,2016
łowicki,Renewable energy,Hydro,,Hydro,0.045,2,Urzad Regulacji Energetyki,2016
łowicki,Renewable energy,Wind,,Onshore,0.5,1,Urzad Regulacji Energetyki,2016
łukowski,Renewable energy,Solar,,Photovoltaics,3.578,6,Urzad Regulacji Energetyki,2016
łódzki wschodni,Renewable energy,Wind,,Onshore,15.4,7,Urzad Regulacji Energetyki,2016
łęczycki,Renewable energy,Wind,,Onshore,0.8,1,Urzad Regulacji Energetyki,2016
łęczyński,Renewable energy,Solar,,Photovoltaics,0.096,1,Urzad Regulacji Energetyki,2016
Świnoujście,Renewable energy,Bioenergy,Sewage and landfill gas,,0.38,1,Urzad Regulacji Energetyki,2016
Świnoujście,Renewable energy,Bioenergy,Sewage and landfill gas,,0.2,1,Urzad Regulacji Energetyki,2016
średzki,Renewable energy,Solar,,Photovoltaics,0.065,2,Urzad Regulacji Energetyki,2016
średzki,Renewable energy,Wind,,Onshore,12.8,5,Urzad Regulacji Energetyki,2016
śremski,Renewable energy,Wind,,Onshore,5.0,1,Urzad Regulacji Energetyki,2016
śremski,Renewable energy,Bioenergy,Sewage and landfill gas,,0.123,1,Urzad Regulacji Energetyki,2016
świdnicki,Renewable energy,Bioenergy,Sewage and landfill gas,,0.97,2,Urzad Regulacji Energetyki,2016
świdnicki,Renewable energy,Bioenergy,Biomass and biogas,,0.999,1,Urzad Regulacji Energetyki,2016
świdnicki,Renewable energy,Solar,,Photovoltaics,3.046,6,Urzad Regulacji Energetyki,2016
świdnicki,Renewable energy,Solar,,Photovoltaics,0.078,2,Urzad Regulacji Energetyki,2016
świdnicki,Renewable energy,Bioenergy,Biomass and biogas,,0.9,1,Urzad Regulacji Energetyki,2016
świdnicki,Renewable energy,Wind,,Onshore,0.9,1,Urzad Regulacji Energetyki,2016
świdnicki,Renewable energy,Hydro,,Hydro,0.105,3,Urzad Regulacji Energetyki,2016
świdnicki,Renewable energy,Bioenergy,Sewage and landfill gas,,0.487,2,Urzad Regulacji Energetyki,2016
świdnicki,Renewable energy,Hydro,,Hydro,1.25,1,Urzad Regulacji Energetyki,2016
świdnicki,Renewable energy,Hydro,,Hydro,0.015,1,Urzad Regulacji Energetyki,2016
świdwiński,Renewable energy,Bioenergy,Biomass and biogas,,0.8,1,Urzad Regulacji Energetyki,2016
świdwiński,Renewable energy,Hydro,,Hydro,0.062,3,Urzad Regulacji Energetyki,2016
świebodziński,Renewable energy,Hydro,,Hydro,0.103,3,Urzad Regulacji Energetyki,2016
świebodziński,Renewable energy,Wind,,Onshore,6.0,1,Urzad Regulacji Energetyki,2016
świebodziński,Renewable energy,Solar,,Photovoltaics,0.037,1,Urzad Regulacji Energetyki,2016
świecki,Renewable energy,Bioenergy,Biomass and biogas,,33.0,1,Urzad Regulacji Energetyki,2016
świecki,Renewable energy,Wind,,Onshore,2.1,2,Urzad Regulacji Energetyki,2016
świecki,Renewable energy,Bioenergy,Biomass and biogas,,136.825,2,Urzad Regulacji Energetyki,2016
świecki,Renewable energy,Bioenergy,Biomass and biogas,,0.0,1,Urzad Regulacji Energetyki,2016
świecki,Renewable energy,Hydro,,Hydro,0.195,7,Urzad Regulacji Energetyki,2016
świecki,Renewable energy,Hydro,,Hydro,11.9,3,Urzad Regulacji Energetyki,2016
świecki,Renewable energy,Bioenergy,Biomass and biogas,,1.8,1,Urzad Regulacji Energetyki,2016
świecki,Renewable energy,Hydro,,Hydro,0.5,1,Urzad Regulacji Energetyki,2016
Żory,Renewable energy,Bioenergy,Sewage and landfill gas,,0.208,1,Urzad Regulacji Energetyki,2016
żagański,Renewable energy,Hydro,,Hydro,6.895,4,Urzad Regulacji Energetyki,2016
żagański,Renewable energy,Hydro,,Hydro,6.655,9,Urzad Regulacji Energetyki,2016
żagański,Renewable energy,Hydro,,Hydro,0.576,7,Urzad Regulacji Energetyki,2016
żagański,Renewable energy,Wind,,Onshore,49.5,2,Urzad Regulacji Energetyki,2016
żarski,Renewable energy,Wind,,Onshore,12.8,2,Urzad Regulacji Energetyki,2016
żarski,Renewable energy,Hydro,,Hydro,0.009,1,Urzad Regulacji Energetyki,2016
żarski,Renewable energy,Hydro,,Hydro,2.96,4,Urzad Regulacji Energetyki,2016
żarski,Renewable energy,Bioenergy,Sewage and landfill gas,,0.2,1,Urzad Regulacji Energetyki,2016
żarski,Renewable energy,Hydro,,Hydro,2.909,2,Urzad Regulacji Energetyki,2016
żniński,Renewable energy,Hydro,,Hydro,0.16,1,Urzad Regulacji Energetyki,2016
żniński,Renewable energy,Wind,,Onshore,13.675,11,Urzad Regulacji Energetyki,2016
żuromiński,Renewable energy,Hydro,,Hydro,0.135,2,Urzad Regulacji Energetyki,2016
żuromiński,Renewable energy,Wind,,Onshore,77.66,14,Urzad Regulacji Energetyki,2016
żyrardowski,Renewable energy,Wind,,Onshore,4.75,3,Urzad Regulacji Energetyki,2016
żyrardowski,Renewable energy,Hydro,,Hydro,0.065,1,Urzad Regulacji Energetyki,2016
żyrardowski,Renewable energy,Bioenergy,Sewage and landfill gas,,0.14,1,Urzad Regulacji Energetyki,2016
żyrardowski,Renewable energy,Bioenergy,Sewage and landfill gas,,0.721,1,Urzad Regulacji Energetyki,2016
żyrardowski,Renewable energy,Solar,,Photovoltaics,0.03,3,Urzad Regulacji Energetyki,2016
żywiecki,Renewable energy,Hydro,,Hydro,33.6,2,Urzad Regulacji Energetyki,2016
żywiecki,Renewable energy,Solar,,Photovoltaics,0.118,9,Urzad Regulacji Energetyki,2016
żywiecki,Renewable energy,Bioenergy,Sewage and landfill gas,,0.303,1,Urzad Regulacji Energetyki,2016
żywiecki,Renewable energy,Hydro,,Hydro,0.165,1,Urzad Regulacji Energetyki,2016
